MISC FA EXP,2011,54308538 PARTISAN ARMORY LLC 1001 LEMAY FERRY RD SAINT LOUIS MO 1
MISC FA MFG,2011,54308538 PARTISAN ARMORY LLC 1001 LEMAY FERRY RD SAINT LOUIS MO 1
PISTOL EXP,2011,54308538 PARTISAN ARMORY LLC 1001 LEMAY FERRY RD SAINT LOUIS MO 1
PISTOLS MFG,2011,54308538 PARTISAN ARMORY LLC 1001 LEMAY FERRY RD SAINT LOUIS MO 1
RIFLE EXP,2011,54308538 PARTISAN ARMORY LLC 1001 LEMAY FERRY RD SAINT LOUIS MO 1
RIFLE MFG,2011,54308538 PARTISAN ARMORY LLC 1001 LEMAY FERRY RD SAINT LOUIS MO 1
RVLR EXP,2011,54308538 PARTISAN ARMORY LLC 1001 LEMAY FERRY RD SAINT LOUIS MO 1
RVLR MFG,2011,54308538 PARTISAN ARMORY LLC 1001 LEMAY FERRY RD SAINT LOUIS MO 1
SHOTGUN EXP,2011,54308538 PARTISAN ARMORY LLC 1001 LEMAY FERRY RD SAINT LOUIS MO 1
SHOTGUN MFG,2011,54308538 PARTISAN ARMORY LLC 1001 LEMAY FERRY RD SAINT LOUIS MO 1
