RDS KEY,LICENSE NAME,STREET,CITY,ST,MISC FA EXP
ANNUAL FIREARMS MANUFACTURING AND EXPORT REPORT
PISTOLS
TO .22
TO .25
TO .32
TO .380
TO 9MM
TO .50
TOTAL
RIFLES
SHOTGUNS
MISC. FIREARMS
PISTOLS
REVOLVERS
RIFLES
SHOTGUNS
MISC. FIREARMS
YEAR 2009 **
MANUFACTURED
REVOLVERS
320,697 TO .22 141,840
15,053 TO .32 7,590
47,396 TO .357 MAG 107,834
390,897 TO .38 SPEC 232,339
586,364 TO .44 MAG 29,967
507,851 TO .50 27,625
1,868,258 TOTAL 547,195
2,248,851
752,699
138,815
EXPORTED
56,402
32,377
61,072
36,455
PREPARED BY EYR 1/20/2011
8,438
** FOR PURPOSES OF THIS REPORT ONLY, "PRODUCTION" IS DEFINED AS:
FIREARMS, INCLUDING SEPARATE FRAMES OR RECEIVERS, ACTIONS OR
BARRELED ACTIONS, MANUFACTURED AND DISPOSED OF IN COMMERCE
DURING THE CALENDAR YEAR.
PISTOLS MANUFACTURED IN 2009 PAGE 1 0F 40
PISTOL PISTOL PISTOL PISTOL PISTOL PISTOL PISTOL
RDS KEY LICENSE NAME STREET CITY ST 22 25 32 380 9MM 50 TOTAL
16303111 CLARK, GREGORY E 1157 PHILLIPS RD LANETT AL 0 0 1 0 0 0 1
16337359 ELLIS, JEFFERY OWEN 17943 GROUND HOG RD ADGER AL 0 1 0 0 0 1
57100301 COTTER, JASON 115 COUNTY ROAD 546 MOUNTAIN AR 0 0 0 27 2 29
HOME
57101324 GUNCRAFTER INDUSTRIES, 171 MADISON 1510 HUNTSVILLE AR 0 0 0 0 0 47 47
LLC
57101940 RON PHILLIPS AND COMPANY 1204 CR 501 BERRYVILLE AR 0 0 0 1 0 5 6
LLC
57101804 SIERRA MANUFACTURING INC 18320 HWY 71 SOUTH GREENWOOD AR 2 0 0 0 0 0 2
57101116 VLH INC 1105 INDUSTRIAL DR BERRYVILLE AR 0 0 0 0 0 89 89
57134716 VVILSONS GUN SHOP INC 2234 CR 719 BERRYVILLE AR 0 0 0 0 401 2014 2415
98600962 ABRAMS AIRBORNE MFG, INC. 3735 N ROMERO RD TUCSON AZ 0 0 0 0 0 13 13
98602515 AMERICAN SPIRIT ARMS LLC 15651 N 83RD WAY #2 SCOTTSDALE AZ 0 15 0 0 0 0 15
98603200 BAR-S MACHINE INC 2575 N HWY 89 CHINO VALLEY AZ 25 0 0 0 0 0 25
98602058 BUSHMASTER FIREARMS 1070 METRIC DR LAKE HAVASU AZ 0 893 0 0 174 0 1067
INTERNATIONAL LLC CITY
98601406 COHARIE ARMS INC 2942 N. GREENFIELD RD MESA AZ 0 5 0 0 262 51 318
#133
98603122 DELAVAN, JOHN C & JO A 10815 N BLUEGRASS ST FLORENCE AZ 0 0 0 0 0 2 2
98601973 EXCELL MANUFACTURING INC 2580 LANDON DR UNIT E BULLHEAD CITY AZ 117 0 0 151 0 0 268
98603062 MCLEARN, MATTHEW MOODY 1304 RED BARON RD PAYSON AZ 0 0 0 0 4 20 24
98633332 R & R SPORTING ARMS INC 15481 N TWIN LAKES DR TUCSON AZ 1 1 1 1 0 0 4
98603442 RDTS MANUFACTURING INC BIG SYCAMORE BLDG A CAVE CREEK AZ 0 0 0 0 35 0 35
1ST FL
98636542 ROBAR COMPANIES, INC 21438 N 7TH AVE SUITE PHOENIX AZ 0 0 0 0 11 7 18
B
98614472 STURM, RUGER & COMPANY, 200 RUGER RD PRESCOTT AZ 82089 0 0 198844 94109 25551 400593
INC
98603073 TURNER FABRICATIONS LLC 10602 E IRONWOOD MESA AZ 0 1 0 0 12 22 35
LANE
98603237 ZIMMERMAN ARMS LLC 540 SIXTH ST # F PRESCOTT AZ 2 0 0 0 0 0 2
97701370 AIRCRAFT ARMAMENTS, INC 18205 LAVERNE DR LOS GATOS CA 3 0 0 0 0 0 3
93340727 EXCEL INDUSTRIES INC 4510 CARTER CT CHINO CA 499 0 0 1203 0 0 1702
96802197 JENSEN, JONATHAN J & 10 N N EAST ST STE 211 WOODLAND CA 0 0 3 0 0 0 3
VALENTINE, MATTHEW C
97701704 MULLEN, JEFFREY GERALD 5530 E LAMONA AVE FRESNO CA 10 11 19 0 2 0 42
#103
93336988 PHOENIX ARMS 4231 BRICKELL STREET ONTARIO CA 15986 4214 0 0 0 0 20200
93301038 SUREFIRE, LLC 18300 MT BALDY CIRCLE FOUNTAIN CA 0 0 0 2 0 2
VALLEY
96802086 TOLEDO, ARIS 1405 GEORGIA ST STE D VALLEJO CA 0 0 0 0 1 8 9
PREPARED BY THE OFFICE OF FESD, BUREAU OF ALCOHOL, TOBACCO, FIREARMS AND EXPLOSIVES 01/20/2011
WASHINGTON DC
PISTOLS MANUFACTURED IN 2009 PAGE 2 OF 40
PISTOL PISTOL PISTOL PISTOL PISTOL PISTOL PISTOL
RDS KEY LICENSE NAME STREET CITY ST 22 25 32 380 9MM 50 TOTAL
58400906 ANDY'S CUSTOM GUNS INC 14855 W54TH AVE GOLDEN CO 4 0 0 0 0 3 7
58402122 JOSEPH BRAZIER LTD 3259 ELECTRA DR SO COLORADO CO 0 0 0 0 0 1 1
SPRINGS
58402893 LEGACY CUSTOM PRODUCTS 39 OAK VIEW CIRCLE DURANGO CO 0 0 0 0 1 4 5
INC
58402371 LIPPARD, KARL 3259 ELECTRA DR SO COLORADO CO 0 0 0 0 0 5 5
SPRINGS
58401738 POWELL, JAMES B 6571 PFOST DRIVE PEYTON CO 0 0 0 0 15 2 17
58434662 ROCKY MOUNTAIN ARMS INC 1813 SUNSET PL #D LONGMONT CO 1 0 0 0 0 1 2
58402284 VOLKMANN CUSTOM INC 1595 CARR ST LAKEWOOD CO 0 0 0 0 80 80
60633345 COLT'S MANUFACTURING CO 545 NEWPARKAVE WEST CT 0 0 0 1892 0 23071 24963
LLC HARTFORD
60601238 JOJOS GUNWORKS LLC 122 SPRING ST D9 SOUTHINGTON CT 0 0 0 0 0 20 20
60604862 L W SEECAMP CO INC 280 ROCK LANE MILFORD CT 0 0 1505 203 0 0 1708
60600006 P3LLC 22 SUNRISE TERRACE WEATOGUE CT 0 0 0 0 0 2 2
60600482 US FIREARMS MFG CO 445-453 LEDYARD ST HARTFORD CT 0 0 0 0 17 17
15905392 ANVIL ARMS LLC 3225 BENNETT ST N SAINT FL 0 215 0 0 0 215
PETERSBURG
15907948 CHARLES WJENKINS, LLC 97718TH AVE SW VERO BEACH FL 0 0 0 0 1 6 7
15910123 DIAMONDBACK FIREARMS LLC 4135 PINE TREE PL COCOA FL 0 0 0 1526 0 0 1526
15901002 GUN SMOKE ENTERPRISES INC 506 NE 3RD ST OKEECHOBEE FL 0 0 0 0 0 11 11
15940806 KEL TEC CNC INDUSTRIES INC 1475 COX ROAD COCOA FL 5803 0 20508 59574 44573 0 130458
15903222 SCCY INDUSTRIES LLC 1800 CONCEPT COURT DAYTONA FL 0 0 0 0 14598 0 14598
BEACH
15904524 SPIKE'S TACTICAL LLC 2593 CLARK ST STE 103 APOPKA FL 0 0 0 0 15 15
15909076 SPIRIT GUN MANUFACTURING 1696 OLD OKEECHOBEE WEST PALM FL 0 0 0 0 0 200 200
CO LLC, THE RD BLDG 3D BEACH
15906386 SUPERFORMANCE INC 2510 KIRBY CR NE UNIT PALM BAY FL 0 0 0 0 0 25 25
109
15923596 TAURUS INTERNATIONAL 16175 NW 49TH AVE MIAMI FL 15849 6216 0 6594 0 0 28659
MANUFACTURING INC
15803798 FELIX, PATRICK RALPH 161 PATTY DR CUSSETA GA 0 1 0 0 0 0 1
15890327 GLOCK INC 6000 HIGHLANDS PKWY SMYRNA GA 0 0 0 0 17779 23515 41294
15804952 MASTERPIECE ARMS HOLDING 4904 HIGHWAY 98 COMER GA 0 0 0 0 7018 2724 9742
COMPANY
15840168 MEGGITT TRAINING SYSTEMS 296 BROGDON RD SUWANEE GA 0 0 0 0 218 7 225
INC
15803875 WEST GEORGIA ARMORY LLC 364 PATTERSON RD FRANKLIN GA 0 0 0 0 1 0 1
54201516 FREEMAN, KELLY V 730 NORTH A ST ALBIA IA 0 0 0 0 1 0 1
54201706 LES BAER CUSTOM INC 1804 IOWA DR LE CLAIRE IA 0 0 0 0 73 1999 2072
98200913 KRONE, ROBERT MITCHELL 201 N KINGS RD #101 NAMPA ID 0 0 0 0 2 4 6
PREPARED BY THE OFFICE OF FESD, BUREAU OF ALCOHOL, TOBACCO, FIREARMS AND EXPLOSIVES 01I20l2011
WASHINGTON DC
PISTOLS MANUFACTURED IN 2009 PAGE 3 0F 40
PISTOL PISTOL PISTOL PISTOL PISTOL PISTOL PISTOL
RDS KEY LICENSE NAME STREET CITY ST 22 25 32 380 9MM 50 TOTAL
98200569 TACTICAL INNOVATIONS INC 345 SUNRISE RD BONNERS ID 26 0 0 0 0 0 26
98200317 TACTICAL SOLUTIONS LLC 2181 COMMERCE AVE EETSREY ID 1294 0 0 0 0 0 1294
33601842 BARBER KUSTOM LLC 922 WEMBLEY DR ISLAND LAKE IL 0 0 0 0 0 2 2
33701855 DOUBLE NICKEL LLC 609 S BREESE ST MILLSTADT IL 0 0 0 0 0 102 102
33733384 OGLESBY & OGLESBY 744 WANDREW RD SPRINGFIELD IL 0 0 0 0 0 1 1
GUNMAKERS INC
33735964 OTTE, MICHAEL M 200 SECOND AVE EDWARDSVILLE IL 0 0 0 0 5 0 5
33637004 ROCK RIVER ARMS INC 1042 CLEVELAND RD COLONA IL 718 0 0 0 168 79 965
33635798 SPRINGFIELD INC 420 W MAIN ST GENESEO IL 0 0 0 0 2947 12880 15827
33602095 UNION ARMS CO 6340 W26TH ST BERWYN IL 0 0 0 0 12 1 13
43502848 BLOOMFIELD ARMS & AMMO 34 E MAIN ST BLOOMFIELD IN 0 0 0 0 0 1 1
43503134 llsll—SA ARSENAL LLC 221 N STOCKWELL RD EVANSVILLE IN 0 0 0 1 0 1
43538094 JB CUSTOM INC 1R6(;32I§BUILDING #5 LIMA HUNTERTOWN IN 0 0 0 0 2 2
54800478 ALLEE, MICHAEL DAVID 5606 JOHNSON DR MISSION KS 0 0 0 0 0 1 1
54835734 COPELAND, GREG 3686 272ND RD ARKANSAS CITY KS 0 0 0 0 0 2 2
54801127 GREER, JAMES T 608 E ACORN GARDNER KS 0 0 0 0 0 1 1
46100511 DOUBLE STAR CORP 5600 BYBEE RD WINCHESTER KY 0 0 0 0 0 109 109
46101023 GEMINI CUSTOMS LLC 717 BOTKINS ROAD FRANKFORT KY 0 0 0 0 0 2 2
46103138 VINTAGE ORDNANCE 222 QUARRY RIDGE ELIZABETHTOW KY 0 0 0 0 0 49 49
COMPANY LLC COURT EAST N
60403406 INDEPENDENT PLATING 35 NEW ST WORCESTER MA 0 0 0 0 168 0 168
COMPANY INC
60435456 SAEILO, INC 130 GODDARD WORCESTER MA 0 0 0 3719 16495 13729 33943
MEMORIAL DR
60401684 SMITH & WESSON CORP 2100 ROOSEVELT AVE SPRINGFIELD MA 0 0 0 2176 122661 155594 280431
85207699 BERETTA U S A CORPORATION 17601 BERETTA DR ACCOKEEK MD 64869 0 16828 0 63011 123 144831
85202358 LWRC INTERNATIONAL LLC 815 CHESAPEAKE DRIVE CAMBRIDGE MD 207 0 0 0 0 0 207
60100748 SMITH & WESSON CORP 19 AVIATION DR HOULTON ME 32904 0 18 8624 2990 9751 54287
43803278 ACCURIZER, INC THE 150 LANGE TROY MI 0 0 0 0 1 2 3
43804650 GUN OUTFITTERS LLC 8100 FORRISTER RD ADRIAN MI 2 0 0 0 0 0 2
43802543 NORTHLINK ENT 10703 S OLD 27 WATERS MI 0 0 0 0 0 3 3
43803551 RED OAK GUNSMITHING, LTD 6872 COLLINS ROAD ONAWAY MI 0 0 0 0 0 1 1
43804385 TIMPKO, FEODOR 2424 OAKVILLE-WALTZ NEW BOSTON MI 0 0 0 0 1 0 1
43804312 WEBBER, BRUCE FLOYD 7524 LINCOLN AVE BARODA MI 0 0 0 0 0 1 1
34137259 E ARTHUR BROWN CO INC '4‘0/8/8 COUNTY ROAD 40 GARFIELD MN 1 0 8 0 0 0 9
PREPARED BY THE OFFICE OF FESD, BUREAU OF ALCOHOL, TOBACCO, FIREARMS AND EXPLOSIVES 01I20l2011
WASHINGTON DC
PISTOLS MANUFACTURED IN 2009 PAGE 4 0F 40
PISTOL PISTOL PISTOL PISTOL PISTOL PISTOL PISTOL
RDS KEY LICENSE NAME STREET CITY ST 22 25 32 380 9MM 50 TOTAL
34101689 MAGNUM RESEARCH, INC 12602 33RD AVENUE SW PILLAGER MN 0 0 0 10567 7 124 10698
34102462 PINE TECHNICAL COLLEGE 900 4TH ST SE PINE CITY MN 0 0 0 0 0 1 1
34102463 VELOCITY LLC 7047 RICE LAKE RD DULUTH MN 0 0 0 0 0 368 368
54304879 BAUER, RICHARD LAWRENCE 400 SUNSET DR APPLETON CITY MO 10 2 1 8 12 17 50
54306127 BEACK RAIN ORDNANCE INC 15115 KODIAK RD NEOSHO MO 0 0 0 0 0 1 1
54305482 CEDAR FALLS TACTICAL, LLC 1111 E MAIN ST PARK H|LLS MO 3 0 0 0 0 0 3
54301610 CMMG INC 620 COUNTY ROAD 118 FAYETTE MO 58 0 0 0 0 0 58
54339122 ED BROWN PRODUCTS, INC 43825 MULDROW TRAIL PERRY MO 0 0 0 0 0 1434 1434
54301678 GATEWAY HOSE & COUPLING 8301 CREST INDUSTRIAL AFFTON MO 0 0 1 0 0 0 1
CO INC DR #0
54339397 HUNTER, ROBERT EDWARD JR 8039 SW FAIRVIEW RD OSBORN MO 0 0 0 0 1 1 2
98101025 GENTRY CUSTOM LLC 314 N HOFFMAN ST BELGRADE MT 0 0 1 0 1
15603066 APPALACHIAN GUNSMITHING 8 SNAPFINGER DR WEAVERVILLE NC 9 4 7 8 30
15639696 211-TANDLER, NORMAN A 100 RADCLIFFE CIRCLE JACKSONVILLE NC 0 0 0 0 0 2 2
15604021 CRAWFORD, JOHN K 816 MAIN ST MAYSVILLE NC 0 0 0 3 3
15604309 PARA USA INC 1306/?) SOUTHERN LOOP PINEVILLE NC 0 0 46 854 900
15640626 TAYLOR, GEORGE JOSEPH 424 PETERSBURG RD RICHLANDS NC 1 0 0 0 1
15604129 TEMPLAR CONSULTING LLC 104 BUTTERMILK WAY APEX NC 0 0 0 0 0 1 1
54700602 ADVANCED BARREL SYSTEMS, 3120 N 33RD ST SUITE 1 LINCOLN NE 1 0 0 0 1
54734146 ICIJVYCLINDER & SLIDE INC 245 E 4TH ST FREMONT NE 0 0 39 25 73
54700491 FRERKING, TRAVIS AARON 325 SHERIDAN AVENUE CORTLAND NE 0 0 0 0 6 9 15
60234248 COMPETITOR CORP INC 26 KNIGHT STREET, UNIT JAFFREY NH 0 0 0 6 6
60201009 HECKLER & KOCH INC :7 PISCATAQUA DR NEVVINGTON NH 0 0 0 0 5840 5840
60201128 SIG SAUER INC 12 &18|NDUSTRIAL DR EXETER NH 34564 0 0 30682 87943 63414 216603
60201484 STURM, RUGER & COMPANY, 411 SUNAPEE ST NEWPORT NH 8061 0 0 0 0 8061
60200897 lI'NHCOMPSON CENTER ARMS CO 400 NORTH MAIN ROCHESTER NH 145 42 283 5 0 128 603
INC STREET
82235141 SARCO INC 323 UNION ST STIRLING NJ 0 0 0 0 0 505 505
58501228 FREEDOM MACHINE AND 83 COUNTY RD B26 HOLMAN NM 0 0 0 3 3
GUNWORKS LLC
58501194 HAYES, STANLEY EDWARD 415 KOLLEEN CT LOS ALAMOS NM 0 0 0 1 1
98800975 BLACK BEARD RESEARCH & 904 VISTA PARK DR CARSON CITY NV 0 0 0 1 1
DEVELOPMENT LLC
98801961 FREDERICK JOHN HAUSEUR IV 10198 HWY 50 E STE B MOUND HOUSE NV 0 0 0 0 0 2 2
PREPARED BY THE OFFICE OF FESD, BUREAU OF ALCOHOL, TOBACCO, FIREARMS AND EXPLOSIVES 01I20l2011
WASHINGTON DC
PISTOLS MANUFACTURED IN 2009 PAGE 5 0F 40
PISTOL PISTOL PISTOL PISTOL PISTOL PISTOL PISTOL
RDS KEY LICENSE NAME STREET CITY ST 22 25 32 380 9MM 50 TOTAL
98800873 JIMENEZ ARMS INC 5550 REFERENCE LAS VEGAS NV 5354 2956 900 16352 16553 0 42115
STREET
98801039 LOCKETT, DANIEL ERIC 5225 GRUMMAN DR CARSON CITY NV 0 0 0 0 0 3 3
61100248 A.P.| 71 -73 EAST JEFRYN DEER PARK NY 0 0 0 98 853 0 951
BLVD
61601079 CZ-USA INC 5169 RT 12 S NORWICH NY 0 0 0 0 224 2975 3199
61334276 KIMBER MFG INC 1 LAWTON ST YONKERS NY 468 0 0 0 2786 75649 78903
61600727 REMINGTON ARMS CO INC 14 HOEFLER AVE |L|ON NY 0 0 0 0 30 0 30
61601266 SERVA, ROBERT WILLIAM 20 EDWIN LN BINGHAMTON NY 0 0 0 0 1 36 37
43435702 BEEMILLER INC 1015 SPRINGMILL RD MANSFIELD OH 0 0 0 21600 63369 0 84969
43101810 CHIAPPA FIREARMS LTD 6785 WTHIRD ST DAYTON OH 7405 0 0 0 0 231 7636
43402362 DEFENSIVE CREATIONS LLC 253 MAPLEWOOD DR ALLIANCE OH 0 0 0 0 0 2 2
43419291 HASKELL MANUFACTURING 585 EAST BLUE LICK RD LIMA OH 0 0 0 0 0 27600 27600
INC
43434316 IBERIA FIREARMS INC 3929 STATE RT 309 GALION OH 0 0 0 0 0 23900 23900
43436235 JONES, JOHNDAVID 590 WOODVUE LANE VVINTERSVILLE OH 2 0 3 1 0 2 8
43101790 SCHOESSLER'S SUPPLY ROOM 698 PLEASANT VALLEY SPRINGBORO OH 0 0 0 3 0 3
LLC DR
43102059 STOUTS GUN SHOP & REPAIR, 5452 CR 26 BELLEFONTAINE OH 0 0 0 0 0 2 2
LLC
57302289 COMPETITIVE SHOOTING 2125 MERIDIAN DRIVE NORMAN OK 0 0 0 0 1 0 1
SOLUTIONS INC
57302390 CUTTING EDGE ARMS LLC 6840 NW11TH STREET OKLAHOMA CITY OK 0 0 0 0 0 1 1
57302568 PRUSIK USA LLC 301 WORLEY ST STILWELL OK 0 0 0 0 6 0 6
57302942 RIJAS SERVICES LLC 10204 E 450 RD CLAREMORE OK 0 0 0 0 0 2 2
99302007 ARMS LLC 13313 EHLEN RD NE AURORA OR 0 0 0 0 1 1 2
99301001 NOVESKE RIFLEWORKS LLC 594 NE E ST GRANTS PASS OR 0 1 0 0 0 0 1
99301862 THOMPSON, LYNN KARL 1561 N FREMONT ST CORNELIUS OR 1 0 0 0 0 5 6
99302088 YEAMANS, MATTHEW B 480 ROGUE RIVER PKWY TALENT OR 0 0 1 0 1 0 2
82303928 JANRO CUSTOM GUNWORKS 1156 WILCOX RD NEW MILFORD PA 0 0 0 0 0 1 1
LLC
82302834 KEYSTONE SPORTING ARMS 155 SODOM RD MILTON PA 1199 0 0 0 0 0 1199
LLC
82303867 MOUNTAIN COMPETITION 26 MOUNTAIN VIEW DR TANNERSVILLE PA 0 0 0 0 3 0 3
PISTOLS
82303809 MPC INDUSTRIES LLC 200 CENTERVILLE RD LANCASTER PA 0 0 0 0 1 0 1
82502864 PENN UNITED TECHNOLOGIES 799 NORTH PIKE RD CABOT PA 0 0 0 9 9
INC
15702581 FN MANUFACTURING, LLC 797 OLD CLEMSON ROAD COLUMBIA SC 0 0 0 7327 10203 17530
34633475 H S PRECISION INC 1301 TURBINE DR RAPID CITY SD 0 0 11 0 0 0 11
PREPARED BY THE OFFICE OF FESD, BUREAU OF ALCOHOL, TOBACCO, FIREARMS AND EXPLOSIVES 01I20l2011
WASHINGTON DC
PISTOLS MANUFACTURED IN 2009 PAGE 6 0F 40
PISTOL PISTOL PISTOL PISTOL PISTOL PISTOL PISTOL
RDS KEY LICENSE NAME STREET CITY ST 22 25 32 380 9MM 50 TOTAL
16201509 COAL CREEK ARMORY INC 10737 DUTCHTOWN RD KNOXVILLE TN 0 0 0 0 0 2 2
16203304 DGC CUSTOM GUNSMITHING 5599 OLD MILLINGTON MILLINGTON TN 0 0 0 1 186 187
16200523 :FETNAD |NC 1R8301 HWY 68 DUCKTOWN TN 0 0 0 800 3210 4010
16202715 USELTON ARMS INC 390 SOUTHVVINDS DR FRANKLIN TN 0 0 0 0 0 57 57
57421953 AMERICAN DERRINGER CORP 127 N LACY DR WACO TX 3 1 4 27 0 43 78
57402409 BASS TO BUFFALO LP 12434 BEE CAVE RD BEE CAVE TX 0 0 1 0 0 0 1
57503595 BOND ARMS, INC 204 ALPHA LANE GRANBURY TX 37 0 8 804 87 10193 11129
57403754 BURNS, TIPTON MICHAEL 225 NEAL LN CANYON LAKE TX 0 0 0 0 0 1 1
57504198 CLEMENTS, COY ROBERTS 205 ROSE H|LL ROAD WHITEWRIGHT TX 0 0 0 0 0 5 5
57402512 FORCE PRODUCTION INC 208 H|LLCREST LN LIBERTY H|LL TX 121 0 0 0 0 0 121
57636527 HIGH STANDARD 5151 MITCHELLDALE STE HOUSTON TX 149 0 0 0 0 0 149
MANUFACTURING CO INC B11-B14
57634159 JESS BRILEY MANUFACTURING 1230 LUMPKIN HOUSTON TX 0 0 0 0 0 9 9
COMPANY
57542125 LAU, MICHAEL RICHARD 34280 N STATE HWY 108 MINGUS TX 0 0 0 0 0 1 1
57504398 MCLEOD, PAIGE & CONNOR 1027 SUMMERPLACE LN SOUTHLAKE TX 0 0 0 0 0 1 1
57502754 MICHENER, DAVID BENJAMIN 2615 GRAVEL DR FORT WORTH TX 0 0 11 0 0 0 11
57403875 MINSHEW, JERRI SUE 307 SERENADA DR GEORGETOWN TX 0 0 0 0 0 32 32
57504110 MIRACLE, MICHAEL RAY 710 S0 GEORGIA AMARILLO TX 0 0 0 0 0 2
57503683 PAAC PRECISION LLC 2601 FM 2815 BONHAM TX 0 0 0 0 0 2
57402334 PITCHFORD CUSTOM 28703 MARGERSTADT WALLER TX 0 0 0 0 0 4 4
GUNWORKS, LLC
57503181 R C S GUNS INC 4021 CR 177 ANNA TX 0 2 0 0 0 0 2
57503567 RIDDLE, GROVER GLEN 7749 COUNTY ROAD 409 GRANDVIEW TX 0 0 0 0 0 4
57602120 SMITH, MICHAEL STUART 2241 JEFFERSON DR PORT ARTHUR TX 2 0 0 0 0 0
57503222 SMITH, RICKY G 1033 CR 4380 DECATUR TX 0 0 161 0 68 0 229
57434417 ST| INTERNATIONAL, INC 114 HALMAR COVE GEORGETOWN TX 0 0 0 0 2895 6112 9007
57540601 STRAYER VOIGT INC :33: ROY ORR BLVD GRAND PRARIE TX 0 0 0 39 24 124 187
57601795 WHITE, MELTON RAY 7412 JOHN RALSTON RD HOUSTON TX 0 0 0 0 0 1 1
57502590 WISE L|TE ARMS INC 903 S ALLEN BOYD TX 0 0 442 0 15 0 457
98787363 ARMS TECHNOLOGY INC 2779 DIRECTORS ROW SALT LAKE CITY UT 33639 0 0 0 0 0 33639
98701005 BROWNING ARMS COMPANY ONE BROWNING PLACE MORGAN UT 7 0 0 0 0 0 7
98700995 COBRA ENTERPRISES OF 1960 S MILESTONE DR, SALT LAKE CITY UT 8829 410 4041 22768 15352 96 51496
UTAH, |NC SUITE F
98734026 NORTH AMERICAN ARMS INC 2150 S 950 E PROVO UT 0 0 2624 3426 0 0 6050
PREPARED BY THE OFFICE OF FESD, BUREAU OF ALCOHOL, TOBACCO, FIREARMS AND EXPLOSIVES 01I20l2011
WASHINGTON DC
PISTOLS MANUFACTURED IN 2009 PAGE 7 0F 40
PISTOL PISTOL PISTOL PISTOL PISTOL PISTOL PISTOL
RDS KEY LICENSE NAME STREET CITY ST 22 25 32 380 9MM 50 TOTAL
98700368 VECTOR ARMS INC 270 W 500 NO NORTH SALT UT 84 56 0 0 118 2 260
LAKE
98734724 ZDF IMPORTIEXPORT, LLC 2090 N REDWOOD RD SALT LAKE CITY UT 15 0 7 0 0 0 22
#40
15401410 GREELEY, KEVIN P 11465 CREST H|LL RD MARSHALL VA 0 0 0 0 3 5
15405971 WEATHERFORD, MICHAEL K 5003 ADMIRAL WRIGHT VIRGINIA BEACH VA 2 0 0 0 0 0 2
ROAD
60300037 CASPIAN ARMS LTD 75 CAL FOSTER DR WOLCOTT VT 0 0 0 0 0 1642 1642
60300038 FOSTER INDUSTRIES INC 75 CAL FOSTER DR WOLCOTT VT 0 0 0 0 0 603 603
60300435 GULGALTA ARMS, LLC 280 MAECK FARM RD SHELBURNE VT 0 0 0 0 0 3 3
99114520 OLYMPIC ARMS INC 624 OLD PACIFIC HWY OLYMPIA WA 101 0 0 0 0 83 184
SE
99101301 PLASTIC INJECTION MOLDING 2695 BATTELLE BLVD RICHLAND WA 12 0 0 0 0 0 12
INC
99102956 SHUMAKER, VICKI MICHELE 32820 20TH AVE S UNIT FEDERAL WAY WA 0 0 0 0 0 11 11
16
99102834 SURPLUS AMMO & ARMS LLC 12729 PACIFIC HWY SW LAKEWOOD WA 0 7 0 0 0 0 7
33904058 BROWN, LEE RUSTON W 1802 COUNTY RD N NIAGARA WI 0 0 0 0 0 2
33903378 L H PRECISION LLC 9020 OLSON DR EAU CLAIRE WI 2 0 0 0 0 0
33900697 LAUER, STEVEN MICHAEL 3601 129TH ST CHIPPEWA WI 0 0 0 0 0 53 53
FALLS
45500959 BLACKHEART INTERNATIONAL RR 3, BOX115 PHILIPPI V\N 1 0 0 0 0 0 1
LLC
58300357 LAUCK, DAVID MICHAEL 800 S OVERDALE DR GILLETTE WY 0 0 0 0 12 12
58300882 MINUTE OF ANGLE 285 GOVERNMENT SUNDANCE WY 0 2 1 0 0
CORPORATION VALLEY RD
58300621 TRIPLE ARROW ENTERPRISES 1456 COLE WHEATLAND WY 0 0 0 0 0 1 1
WC
320697 15053 47396 390897 586364 507851 1868258
PREPARED BY THE OFFICE OF FESD, BUREAU OF ALCOHOL, TOBACCO, FIREARMS AND EXPLOSIVES 01I20I2011
WASHINGTON DC
REVOLVERS MANUFACTURED IN 2009 PAGE 8 OF 40
RDS KEY LICENSE N AME STREET CITY ST RVLR 22 RVLR 32 RVLR 357 RVLR 38 RVLR 44 RVLR 50 RVLR TOTL
98638426 REEDER, GARY NELSON 2599 7TH AVE FLAGSTAFF AZ 0 0 0 0 3 5 8
98636542 ROBAR COMPANIES, INC 21438 N 7TH AVE SUITE PHOENIX AZ 0 0 0 0 1 0 1
B
58402660 AMERICAN LEGACY FIREARMS 418 E DOUGLAS RD FT COLLINS co 0 0 0 0 0 1 1
INC
60635936 CHARCO 2000 281 CANAL ST SHELTON CT 1723 2263 1046 25244 3215 0 33491
60633345 COLT'S MANUFACTURING 00 545 NEWPARKAVE WEST CT 0 124 255 190 441 1992 3002
LLC HARTFORD
60600482 us FIREARMS MFG 00 445-453 LEDYARD ST HARTFORD CT 198 17 24 220 228 895 1582
15941170 HERITAGE MFG INC 4600 NW135TH ST OPA LOCKA FL 68264 162 533 0 719 0 69678
15840168 MEGGITT TRAINING SYSTEMS 296 BROGDON RD SUWANEE GA 0 0 0 1 0 0 1
INC
33733384 OGLESBY & OGLESBY 744 WANDREW RD SPRINGFIELD IL 0 0 0 0 0 1 1
GUNMAKERS INC
54800478 ALLEE, MICHAEL DAVID 5606 JOHNSON DR MISSION KS 0 0 0 1 0 0 1
60401684 SMITH & WESSON CORP 2100 ROOSEVELT AVE SPRINGFIELD MA 6558 1020 43173 154465 9192 7487 221895
34101689 MAGNUM RESEARCH, INC 12602 33RD AVENUE sw PILLAGER MN 2 0 0 0 56 819 877
54304879 BAUER, RICHARD LAWRENCE 400 SUNSET DR APPLETON CITY MO 0 0 0 0 1 0 1
JR
15603066 APPALACHIAN GUNSMITHING 8 SNAPFINGER DR WEAVERVILLE NC 2 5 6 4 4 0 21
INC
60201484 STURM, RUGER & COMPANY, 411 SUNAPEE ST NEWPORT NH 14549 3982 62739 50426 16004 16125 163825
INC
61601135 TURNBULL MANUFACTURING 6680 RT 520 BLOOMFIELD NY 0 0 0 2 7 48 57
COMPANY
43101810 CHIAPPA FIREARMS LTD 6785 WTHIRD ST DAYTON OH 4663 0 0 0 0 0 4663
16204234 BOJE CORNILS 5895 E AJ HIGHWAY RUSSELLVILLE TN 42 0 0 0 0 0 42
16238596 MUNITIONS INTERNATIONAL 1345 B ENTERPRISE RD PINEY FLATS TN 0 0 0 0 0 61 61
LAB INC
98700995 COBRA ENTERPRISES OF UTAH, 1960 s MILESTONE DR, SALT LAKE CITY UT 0 0 0 1786 0 0 1786
INC SUITE F
98734026 NORTH AMERICAN ARMS INC 2150 s 950 E PROVO UT 45771 0 0 0 0 0 45771
15401454 CLEMENTS, CHARLES DAVID 2766 MT ZION RD WOODLAWN VA 0 2 0 0 2 1 5
15401410 GREELEY, KEVIN P 11465 CREST HILL RD MARSHALL VA 0 0 1 0 0 0 1
58303091 FREEDOM ARMS INC 314 HWY 239 FREEDOM WY 68 15 57 0 94 190 424
141840 7590 107834 232339 29967 27625 547195
PREPARED BY THE OFFICE OF FESD, BUREAU OF ALCOHOL, TOBACCO, FIREARMS AND EXPLOSIVES 01/20/2011
WASHINGTON DC
RIFLES MANUFACTURED IN 2009 PAGE 9 0F 40
RDS KEY LICENSE NAME STREET CITY ST RIFLE MFG
99201212 BRADY, ANDREW SCOTT 3609 SILVERLEAF AVE NORTH POLE AK 2
99200558 HUGG, CLIFFORD 37091 TINY RD SOLDOTNA AK 1
99200039 ROBINSON, STEVEN R & JUDITH A 36338 FORSTNER AVE STERLING AK 3
16337359 ELLIS, JEFFERY OWEN 17943 GROUND HOG RD ADGER AL 26
16302975 G & G CUSTOM GUNS LLC 19578 AL HWY 99 ATHENS AL 3
16300524 L|SENBE, STEVEN C 5002 COUNTY RD 55 THOMASVILLE AL 2
16302161 MODERN MUZZLELOADING INC 715 SUMMIT DR SE DECATUR AL 2010
57102476 CONCEALED ARMS LLC 929 LAKESHORE DR HENSLEY AR 2
57100301 COTTER, JASON 115 COUNTY ROAD 546 MOUNTAIN HOME AR 12
57102211 GREGG, DONALD RICHARD 3806 WEBB WAY FORT SMITH AR 2
57102339 JRM TACTICAL GUNSMITHING INC 301 LITTLE RIVER 17 ASHDOWN AR 2
57102487 THOMAS, BENTON DELANE 344 HWY124 JERUSALEM AR 2
57134716 WILSONS GUN SHOP INC 2234 CR 719 BERRYVILLE AR 720
98600962 ABRAMS AIRBORNE MFG, INC. 3735 N ROMERO RD TUCSON AZ 46
98602447 ADVANCED DEFENSE SYSTEMS LLC 26 W LONE CACTUS DR STE 100 PHOENIX AZ 18
98603730 ALLIANCE MACHINING LLC 5151 W ORAIBI DR GLENDALE AZ 2
98602515 AMERICAN SPIRIT ARMS LLC 15651 N 83RD WAY #2 SCOTTSDALE AZ 127
98602530 ARIZONA ARMORY, LLC 2114 W FILLMORE PHOENIX AZ 42
98603200 BAR-S MACHINE INC 2575 N HWY 89 CHINO VALLEY AZ 162
98603013 BLACKWEAPONS ARMORY LLC 5023 E 5TH STREET TUCSON AZ 4
98600947 BOBCAT WEAPONS INC 2934 WVVINDSOR AVE PHOENIX AZ 5
98603616 BOHICA ARMS INC 10009 WJOMAZ RD PEORIA AZ 4
98602058 BUSHMASTER FIREARMS INTERNATIONAL LLC 1070 METRIC DR LAKE HAVASU CITY AZ 2082
98600122 CAVALRY ARMS CORP 723 WEST COMMERCE SUITE A GILBERT AZ 6
98603012 CLASSIC BARREL & GUNWORKS LLC 339 GROVE AVE PRESCOTT AZ 1
98601406 COHARIE ARMS INC 2942 N. GREENFIELD RD #133 MESA AZ 254
98601942 DANE ARMORY LLC 305 E COMSTOCK DR STE 5 CHANDLER AZ 3
98603408 DIAMONDBACK POLICE SUPPLY CO INC 170 S KOLB RD TUCSON AZ 24
98602190 EAST BLOC IMPORTS 4245 N MORNING DOVE CIRCLE MESA AZ 28
98602389 EATON, MICHAEL CREACH 2120 N REST|NG PLACE CHINO VALLEY AZ 1
98601895 ELECTRON LOGAN MACHINE CO. LLC 1673 SOUTH HUMMINGBIRD LANE THATCHER AZ 1
98601748 ELMORE, KENNETH EMRY 465 E CHILTON DR #4 CHANDLER AZ 46
98602417 HOLLAND INVESTMENTS LLC 10517 W BRIGHT ANGEL C|R SUN CITY AZ 100
PREPARED BY THE OFFICE OF FESD, BUREAU OF ALCOHOL, TOBACCO, FIREARMS AND EXPLOSIVES
WASHINGTON DC
01I20l2011
RIFLES MANUFACTURED IN 2009
PAGE 10 OF 40
RDS KEY LICENSE NAME STREET CITY ST RIFLE MFG
98602957 HUFFMAN, DEREK 17426 E HUNT HWY QUEEN CREEK AZ 43
98600381 HULIHAN, JAMES ROBERT 14715 N 78TH WAY STE 500 SCOTTSDALE AZ 5
98637328 LAZZERONI, INC 1415 S CHERRY TUCSON AZ 23
98603321 MCINERNEY, EDWARD A III 1725 KIOWA AVE #B LAKE HAVASU CITY AZ 7
98602487 MCMILLAN, FIREARMS MANUFACTURING, LLC 1638 WKNUDSEN DR PHOENIX AZ 321
98603291 NEDER, JOHN ROSS 4093 FORREST RANCHES LOOP PARKS AZ 1
98603536 PALESE PROTO TECH INC 7775 N CASA GRANDE HWY #155 TUCSON AZ 4
98600788 PATRIOT ORDNANCE FACTORY INC 5621 N 53RD AVE GLENDALE AZ 8418
98601124 PIECE OF HISTORY FIREARMS, LLC 926 W PRINCE RD TUCSON AZ 6
98603707 QUENTIN LASER LLC 751 N MONTEREY ST STE115 GILBERT AZ 2
98603142 RENSCHLER, JASON 751 N MONTEREY ST SUITE115 GILBERT AZ 10
98602996 RHINO ARMS LLC 13724 E 44TH DR YUMA AZ 1
98602822 RIM COUNTRY RIFLES LLC 13515 E KINGS DEER RD PARKS AZ 2
98602277 R|S|NG SUN TACTICAL LLC 6901 W UTOPIA RD GLENDALE AZ 18
98636542 ROBAR COMPANIES, INC 21438 N 7TH AVE SUITE B PHOENIX AZ 8
98602410 ROBERTSON, GARY JAMES 2570 PALO VERDE BLVD NORTH LAKE HAVASU CITY AZ 23
98600695 SCHUERMAN ARMS LTD 3322 W IRVINE RD DESERT H|LLS AZ 2
98638308 SEBASTIAN, RICHARD 812 W CAMINO DESIERTO TUCSON AZ 7
98602748 SHEPHARD, TERRY KEITH 816 W G|LA BEND HWY STE A3 CASA GRANDE AZ 9
98601115 SOURCE MANUFACTURING LLC 2920 EAST MOHAWK LN STE 112 PHOENIX AZ 37
98614472 STURM, RUGER & COMPANY, INC 200 RUGER RD PRESCOTT AZ 120
98601907 SUMMA RESEARCH LLC 1300 N MCCLINTOCK DR E 13 CHANDLER AZ 4
98603073 TURNER FABRICATIONS LLC 10602 E IRONWOOD LANE MESA AZ 10
98602792 VENOM TACTICAL LLC 7252 E CONCHO DR STE C-13 KINGMAN AZ 3
98603237 ZIMMERMAN ARMS LLC 540 SIXTH ST # F PRESCOTT AZ 30
97701370 AIRCRAFT ARMAMENTS, INC 18205 LAVERNE DR LOS GATOS CA 1
93340727 EXCEL INDUSTRIES INC 4510 CARTER CT CHINO CA 545
96802197 JENSEN, JONATHAN J & VALENTINE, MATTHEW C 10 N N EAST ST STE 211 WOODLAND CA 12
93302624 MAXIMUM WHOLESALE INC 15979 S PIUMA AVE CERRITOS CA 49
97701704 MULLEN, JEFFREY GERALD 5530 E LAMONA AVE #103 FRESNO CA 7
93302580 NEMESIS ARMS INC 1090 5TH ST UNIT 110 CALIMESA CA 49
96801531 REH INDUSTRIES LLC 710 3RD ST MARYSVILLE CA 183
97738092 ROGUE RIV RIFLEWORKS INCIJOHN RIBGY & CO 500 L|NNE RD STE D PASO ROBLES CA 21
PREPARED BY THE OFFICE OF FESD, BUREAU OF ALCOHOL, TOBACCO, FIREARMS AND EXPLOSIVES
WASHINGTON DC
01I20l2011
RIFLES MANUFACTURED IN 2009
PAGE 11 OF 40
RDS KEY LICENSE NAME STREET CITY ST RIFLE MFG
93302896 SOUTHCOAST DISTRIBUTING INC 5141 SANTA FE ST STE C SAN DIEGO CA 20
96802086 TOLEDO, AR|S 1405 GEORGIA ST STE D VALLEJO CA 8
58402447 ACCURACY SYSTEMS INC 1661 BEHRENS ROAD BYERS CO 49
58402660 AMERICAN LEGACY FIREARMS INC 418 E DOUGLAS RD FT COLLINS CO 2
58437579 AVVI LLC 600 OAK AVE EATON CO 111
58402128 BERNARD, LEO JOHN 1930 RAILROAD AVE #9 RIFLE CO 1
58401710 COOK, GERALD M 1600 RAPID CT BERTHOUD CO 3
58401869 GODDARD ENTERPRISES LLC 8495 WELD COUNTY ROAD 2 BRIGHTON CO 47
58402122 JOSEPH BRAZIER LTD 3259 ELECTRA DR SO COLORADO SPRINGS CO 37
58402893 LEGACY CUSTOM PRODUCTS INC 39 OAK VIEW CIRCLE DURANGO CO 30
58402371 LIPPARD, KARL 3259 ELECTRA DR SO COLORADO SPRINGS CO 1
58400531 MCKINNEY, RICHARD PHILLIP 1523A BIG THOMPSON CANYON RD LOVELAND CO 1
58402650 RICHARD MARK FITZPATRICK INC 400 YOUNG COURT ER|E CO 17
58402728 R|CHMAN, MARK KRISTOFER 5139 COUNTY RD 38 PLATTEVILLE CO 1
58402226 SHADOW RIVER PRODUCTIONS, LLC 2120 CLOVERDALE DR COLORADO SPRINGS CO 7
58433821 STURTEVANT, WILLIAM F & PAMELA M 30 GREENHORN DR PUEBLO CO 1
60601644 AMERICAN PRECISION MFG LLC 26 BEAVER ST ANSONIA CT 2356
60600520 COLT DEFENSE LLC 547 NEW PARKAVE WEST HARTFORD CT 46483
60634862 CONNECTICUT SHOTGUN MANUFACTURING CO 100 BURRITT STREET NEW BRITAIN CT 3
60600102 D & T ARMS LLC 18 LILY POND TRAIL NEW MILFORD CT 10
60601238 JOJOS GUNWORKS LLC 122 SPRING ST D9 SOUTHINGTON CT 9
60600252 MARLIN FIREARMS COMPANY, THE 100 KENNA DR NORTH HAVEN CT 269276
60600449 MERRITT, LEWIS IRVING 225 RESEARCH DR. UNIT #12 MILFORD CT 1
60600773 0 F MOSSBERG & SONS INC 7 GRASSO AVE NORTH HAVEN CT 6940
60601096 PTR-91 INC 1451 NEW BRITAIN AVE FARMINGTON CT 3957
60600729 STAG ARMS LLC 515 JOHN DOWNEY DR NEW BRITAIN CT 48820
85100338 BELL, SCOTT A 12 CLIPPER CT BEAR DE 5
15946862 A & B DOW INC 6048 FAIRWAY DR RIDGE MANOR FL 12
15907305 AD TEK OF TALLAHASSEE INC 2700 POWER M|LL COURT BLDG 3 TALLAHASSEE FL 3
15906914 AIRBORNE ARMS INC 702 H|TCHCOCK ST PLANT CITY FL 3
15901343 AK—USA MANUFACTURING INC 3112-1 PALM AVENUE FORT MYERS FL 9
15905746 AMERICAN VINTAGE GUN AND PAWN, INC 4539 NORTHGATE COURT SARASOTA FL 20
15909126 AMMO DUMP INTERNATIONAL LLC 1556 S STATE ROAD 53 MADISON FL 28
PREPARED BY THE OFFICE OF FESD, BUREAU OF ALCOHOL, TOBACCO, FIREARMS AND EXPLOSIVES
WASHINGTON DC
01I20l2011
RIFLES MANUFACTURED IN 2009
PAGE 12 OF40
RDS KEY LICENSE NAME STREET CITY ST RIFLE MFG
15905392 ANVIL ARMS LLC 3225 BENNETT ST N SAINT PETERSBURG FL 1786
15903577 ANZIO IRONWORKS CORP 6428 123RD AVE N, UNIT 13 LARGO FL 41
15907991 ARES DEFENSE SYSTEMS INC 295 NORTH DRIVE SUITE H MELBOURNE FL 187
15939794 B & K DIVING SYSTEMS INC 1328 CLEMENTS WOODS LN JACKSONVILLE FL 5
15909072 ELITE GUNSMITHS LLC 1696 OLD OKEECHOBEE RD BLDG 3D WEST PALM BEACH FL 2
15906680 FCSF |NC 18-C MCCALLISTER RD CRAWFORDVILLE FL 18
15909274 FLORIDA ARMS MANUFACTURING COMPANY INC 41 LAKE MORTON DR SUITE 25 LAKELAND FL 665
15908281 GLOBAL ARMS INTERNATIONAL LLC 3587 NW 82ND AVE DORAL FL 16
15909552 GOOD TIME OUTDOORS INC 4600 W HIGHWAY 326 OCALA FL 41
15901002 GUN SMOKE ENTERPRISES INC 506 NE 3RD ST OKEECHOBEE FL 30
15940806 KEL TEC CNC INDUSTRIES INC 1475 COX ROAD COCOA FL 12340
15917454 KNIGHT, CHARLES REED JR 701 COLUMBIA BLVD TITUSVILLE FL 896
15940998 KNIGHTS MANUFACTURING CO 701 COLUMBIA BLVD TITUSVILLE FL 7304
15909528 LIBERTY GUN WORKS INC 3103 81 ST COURT E #104 BRADENTON FL 16
15902094 MOORE, DAVID E & MOORE, CARLA W 2005-B MURCOTT DRIVE SAINT CLOUD FL 34
15903131 OZIMEK, GREGORY G 1411 NW 33RD DR POMPANO BEACH FL 58
15908662 PHOENIX ORDNANCE LLC 6000 66TH STREET NORTH SAINT PETERSBURG FL 40
15947048 QUINNELL, DONALD LEE 3112-3 PALM AVE FORT MYERS FL 2
15901092 RBMG MANUFACTURING INC 4761 SW 83 TERR #7 DAVIE FL 1
15909083 SABER TACTICAL INC 9635 NW 80 AVE H|ALEAH GARDENS FL 9
15903855 SAFETY HARBOR FIREARMS INC 985 HARBOR LAKE DR UNIT 14 SAFETY HARBOR FL 148
15900004 SE|FERT, RALPH ARTHUR 4270 DOW ROAD, SUITE 203 MELBOURNE FL 1
15946787 SERBU FIREARMS INC 6001 JOHNS RD #144 TAMPA FL 135
15904524 SPIKE'S TACTICAL LLC 2593 CLARK ST STE 103 APOPKA FL 267
15909076 SPIRIT GUN MANUFACTURING CO LLC, THE 1696 OLD OKEECHOBEE RD BLDG 3D WEST PALM BEACH FL 22
15910109 SUAREZ TACTICAL RIFLES INC 10770 NW 138 ST BAY #3C H|ALEAH GARDENS FL 14
15908014 TACTICAL MACHINING, LLC 1584 OLD DAYTONA CIRCLE DELAND FL 37
15908821 TACTICAL RIFLES INC 4918 AIRPORT RD ZEPHYRHILLS FL 138
15907190 TACTICAL WEAPONS INC 3805 FOWLER ST FORT MYERS FL 13
15909619 TACTICAL WEAPONS SOLUTIONS COMPANY 2578 CLARK ST #2 APOPKA FL 44
15908780 THERMO ARMS INC 5400 PARK BLVD PINELLAS PARK FL 2
15905765 THOMPSON, RICHARD N 172 CENTER ST PANACEA FL 5
15905974 WARREN, ROBERT WAYNE 2236 WARREN WOODS LN COTTONDALE FL 10
PREPARED BY THE OFFICE OF FESD, BUREAU OF ALCOHOL, TOBACCO, FIREARMS AND EXPLOSIVES
WASHINGTON DC
01I20l2011
RIFLES MANUFACTURED IN 2009
PAGE 13 OF 40
RDS KEY LICENSE NAME STREET CITY ST RIFLE MFG
15900881 WHITE, FRANK C 719 WHITE DR ALFORD FL 150
15804769 ACRW LLC 1788-B LYTLE RD CHICKAMAUGA GA 2
15805214 AMERICAN PRECISION ARMS, LLC 55 LYLE FIELD ROAD JEFFERSON GA 29
15802906 BLANKENSHIP CUSTOM FIREARMS LLC 3319 GORDON HWY GROVETOWN GA 6
15802643 BP FIREARMS COMPANY LLC 1685 BOGGS ROAD SUITE 300 DULUTH GA 5721
15804296 BUSHMASTER FIREARMS INTERNATIONAL LLC 268 CADILLAC PKWY STE104 DALLAS GA 799
15804119 COLLIER, JOSEPH RAVON 4236 NEWTON RD SOUTH M|LLEN GA 26
15800675 DANIEL DEFENSE INC 101 WARFIGHTER WAY BLACK CREEK GA 4839
15804577 DULONG, RONALD STEVENS 439 RIVERBEND DR MACON GA 138
15803798 FELIX, PATRICK RALPH 161 PATTY DR CUSSETA GA 6
15800115 HERITAGE CUSTOM ARMS, LLC 250 KELLER RD ROSSVILLE GA 2
15801270 HISTORIC ARMS LLC 1486 CHERRY RD FRANKLIN GA 24
15805501 MA CUSTOMS LLC 105 NW BROAD ST JESUP GA 4
15804952 MASTERPIECE ARMS HOLDING COMPANY 4904 HIGHWAY 98 COMER GA 488
15840168 MEGGITT TRAINING SYSTEMS INC 296 BROGDON RD SUWANEE GA 69
15801355 PATRIOT ARMS INC 55 LYLE FIELD RD JEFFERSON GA 1
15804511 PEACH STATE GUNS, LLC 60 CHAMISA ROAD, BLDG 2 STE 204 COVINGTON GA 2
15803604 SIMMONS, ROBERT JOHN 208 N DIXON ST ALMA GA 1
15804956 SOUTHERN BALL|ST|C RESEARCH, LLC 140 INDIGO DR BRUNSWICK GA 10
15804927 WALKER TOOL & MFG, INC 1300 ROSS RD SHADY DALE GA 10
15803875 WEST GEORGIA ARMORY LLC 364 PATTERSON RD FRANKLIN GA 9
54202003 GCG ENTERPRISES LLC 409 MAIN ST HARVEY IA 2
54201348 GORDY'S GUN SHOP INC 409 MAIN ST HARVEY IA 6
54201706 LES BAER CUSTOM INC 1804 IOWA DR LE CLAIRE IA 2095
54201425 MIDWEST METAL CREATIONS, LLC 743 ADAMS AVE LISBON IA 34
98235032 BAT MACHINE CO INC 11550 N-BRUSS RD RATHDRUM ID 624
98200639 CHEYTAC LLC 363 SUNSET DR ARCO ID 105
98200341 FORBORD, MARK PHILLIP 2023 CASS|A ST POCATELLO ID 2
98200759 JENNINGS, W|LL|AM 3025 LEADVILLE BOISE ID 5
98200914 JONES, PATRICK MICHAEL 16072 N. CRYSTAL SPRINGS LANE RATHDRUM ID 3
98200913 KRONE, ROBERT MITCHELL 201 N KINGS RD #101 NAMPA ID 35
98201252 PRIMARY WEAPONS SYSTEMS INC 800 E CITATION COURT SUITE C BOISE ID 11
98201498 QUALITY ARMS IDAHO LLC 350 N 3RD W R|GBY ID 6
PREPARED BY THE OFFICE OF FESD, BUREAU OF ALCOHOL, TOBACCO, FIREARMS AND EXPLOSIVES
WASHINGTON DC
01I20l2011
RIFLES MANUFACTURED IN 2009
PAGE 14 OF 40
RDS KEY LICENSE NAME STREET CITY ST RIFLE MFG
98200449 ROGERS, DAVID J 3025 LEADVILLE BOISE ID 3
98201401 RS REPAIR LLC 1128 NHWY 34 PRESTON ID 2
98233354 S D MEACHAM TOOL & HARDWARE CO INC 37052 EBERHARDT RD PECK ID 4
98201243 SHOOTERS WHOLESALE INC 2995 N MERIDIAN RD MERIDIAN ID 153
98201043 SPEDIACCI, DOMINIC J 415 HOWARD ST BLG A PECK ID 1
98200569 TACTICAL INNOVATIONS INC 345 SUNRISE RD BONNERS FERRY ID 22
98200317 TACTICAL SOLUTIONS LLC 2181 COMMERCE AVE BOISE ID 93
98201317 W-WFIREARMS LLC 235 RANCH VIEWE JEROME ID 10
33636039 ARMALITE INC 745 S HANFORD ST GENESEO IL 17014
33637390 DS ARMS |NC 27VV990 INDUSTRIAL AVE LAKE BARRINGTON IL 2715
33702191 JANUARY, JOHN CALVIN 212 W KIRKWOOD ST ODIN IL 1
33635626 KREBS CUSTOM INC 1000 RAND RD #106 WAUCONDA IL 27
33735964 OTTE, MICHAEL M 200 SECOND AVE EDWARDSVILLE IL 43
33601415 RDO SPECIALTIES LLC 3522 HALE LANE ISLAND LAKE IL 2
33600873 RESEARCH AND TESTING WORX INC 1 EAST ROUTE 64 MT MORRIS IL 11
33602131 ROCHA, RICARDO & R|NE, MARTIN 11275 HAVENSWOOD RD ROSCOE IL 2
33637004 ROCK RIVER ARMS INC 1042 CLEVELAND RD COLONA IL 38766
33601205 SPORTSWEREUS INC 140 N WESTERN AVE STE B CARPENTERSVILLE IL 3
33635798 SPRINGFIELD INC 420 W MAIN ST GENESEO IL 18977
43503134 DIVA ARSENAL LLC 221 N STOCKWELL RD EVANSVILLE IN 9
43501991 FMT LLC 1525 MAYFIELD PL FORT WAYNE IN 10
43502842 GOOD TO GO TACTICAL LLC 9627 STATE ROAD 64 GEORGETOWN IN 10
43502389 HEDGEHOG MANUFACTURING LLC 1031 COLUMBIA AVE FT WAYNE IN 12
43538094 JB CUSTOM INC 16335 BUILDING #5 L|MA ROAD HUNTERTOWN IN 12
43502742 JOHNSON, JAMES SCOTT 5314 S BLACK ANKLE RD BLOOMFIELD IN 5
43501630 MARCOLMAR LLC 1210 HE|NBAUGH RD RICHMOND IN 170
43500341 PARKER, KENT E 8816 E 700 N NEW CARL|SLE IN 23
43502315 POLLEY TECH LLC 333 S STATE RD 11 SEYMOUR IN 8
43502927 SUMNER, BRUCE DAVID 472 N UNION ST RUSSIAVILLE IN 12
54800478 ALLEE, MICHAEL DAVID 5606 JOHNSON DR MISSION KS 1
54801458 BILYEU, RICHARD WAYNE 2406311TH RD ARKANSAS CITY KS 3
54835734 COPELAND, GREG 3686 272ND RD ARKANSAS CITY KS 1
54801341 DARA ENTERPRISES CUSTOM R|FLESM|TH, LLC 3831 COUNTY RD S GRA|NF|ELD KS 2
PREPARED BY THE OFFICE OF FESD, BUREAU OF ALCOHOL, TOBACCO, FIREARMS AND EXPLOSIVES
WASHINGTON DC
01I20l2011
RIFLES MANUFACTURED IN 2009
PAGE 15 OF 40
RDS KEY LICENSE NAME STREET CITY ST RIFLE MFG
54801996 DAY, RODNEY WAYNE 628 W 9TH ST BAXTER SPRINGS KS 2
54801933 ICOR PRECISION ORDNANCE, DIVISION OF 1409 WNORTHFIELD CT LAWRENCE KS 1
AEROSYM CORP
54802039 KENT BELEW CUSTOM MACHINING LLC 1206 E 530TH AVE PITTSBURG KS 1
54800341 KOLLER, KIRK JAY 201 S SECOND CLEARWATER KS 3
54802017 LOREN E THORMODSGARD AGENCY INC 2307 SW 10TH STREET TOPEKA KS 1
54801846 MALONEY, JIMMY JOE 2176 ELL|S TERRACE PRINCETON KS 4
54801876 MOSIMAN, BRADLEY KENT 5631 S RIDGE RD SEDGVVICK KS 2
54801778 NEAR, VIRGIL D SR 828 PENN INDEPENDENCE KS 1
54801863 STRACHAN, JIMMY LEE 686 WARREN ST BUNKER H|LL KS 1
54800618 VAN DYKE, JOHN WILLIAM 2324 17 ROAD PLAINVILLE KS 11
54801775 YEE, MON S JR 706 3RD DODGE CITY KS 1
46103421 ACCURATE TOOL & MFG CO INC 1108 S BROADWAY LEXINGTON KY 6
46100968 BLUEGRASS ARMORY LLC 145 ORCHARD STREET RICHMOND KY 79
46103174 C & J WEAPON SYSTEMS LLC 279 JOHN ALFORD RD BOWLING GREEN KY 1
46102904 COLE DISTRIBUTING INC 3191 SPEARS RD SCOTTSVILLE KY 25
46100511 DOUBLE STAR CORP 5600 BYBEE RD WINCHESTER KY 5864
46133576 LANDEN, RANDAL S 1200 ONEAL RD LONDON KY 8
46101973 REMINGTON ARMS CO INC 22 RIFLE TRAIL HICKORY KY 134390
46103033 SUPERIOR TACTICAL SOLUTIONS INC 5438 HWY 1078 N HENDERSON KY 14
57202013 BROKEN ARROW ARMORY INC 4952 JOHNSTON ST LAFAYETTE LA 3
57200825 ESSENTIAL ARMS CO 425 LEVEE ROAD KROTZ SPRINGS LA 5573
57202487 LOVELL, M|CHAEL| 415 E LAFAYETTE DR WEST MONROE LA 28
57200714 RED JACKET FIREARMS, INC. 9653 MAMMOTH AVE BATON ROUGE LA 1
60411509 CAKOUNES, HARRY G 622 BROADWAY SAUGUS MA 8
60400915 RCS DIESEL SERVICE INC 566 HOLYOKE STREET LUDLOW MA 505
60435456 SAEILO, INC 130 GODDARD MEMORIAL DR WORCESTER MA 7889
60433152 SAVAGE ARMS, INC 100 SPRINGDALE RD WESTFIELD MA 130853
60402299 SHEPPARD, JAMES ROBERT 7 RENKER DR EASTON MA 12
60401684 SMITH & WESSON CORP 2100 ROOSEVELT AVE SPRINGFIELD MA 110057
60401163 TAUGWANK SPUR CORP 1670 MAIN ST AGAWAM MA 11
60436644 YANKEE H|LL MACHINE CO INC 20 LADD AVE STE1 FLORENCE MA 56
85202525 GOVERNMENT INITIATIVES INC 116 SPIDER WEB RD CENTREVILLE MD 1
85202227 JAMES RIVER MANUFACTURING INC 3601 COMMERCE DR STE 110 BALTIMORE MD 24
PREPARED BY THE OFFICE OF FESD, BUREAU OF ALCOHOL, TOBACCO, FIREARMS AND EXPLOSIVES
WASHINGTON DC
01I20l2011
RIFLES MANUFACTURED IN 2009
PAGE 16 OF 40
RDS KEY LICENSE NAME STREET CITY ST RIFLE MFG
85202711 LITTLE, MICHAEL HAMILTON 7558 AMERICAN CORNER RD PRESTON MD 7
85202358 LWRC INTERNATIONAL LLC 815 CHESAPEAKE DRIVE CAMBRIDGE MD 9100
85211500 MC KEE, INC 8725 BOLLMAN PLACE #1 SAVAGE MD 289
60100956 BUSHMASTER FIREARMS INTERNATIONAL LLC 999 ROOSEVELT TRL VVINDHAM ME 83382
60101126 GREENHALGH, DAVID ANDREW 42 SECLUDED WAY FLETCHER'S LANDING ME 6
60101041 HUBERT, JAMES ALLEN 18 L|THGOW ST VVINSLOW ME 3
60101351 WEAPONCRAFT LLC 84R COVE STREET PORTLAND ME 11
60101487 WILLIAM F LEROSE SR 327 RIVER ROAD ORRINGTON ME 1
43804221 BALLARD RIFLE & CARTRIDGE CO 9562 SAND LAKE HWY ONSTED MI 19
43813395 FALLING BLOCKWORKS INC 6121 ZINK RD MAYBEE MI 2
43804707 FOSNAUGH CUSTOMS, LLC 4530 ANN ST LUNA PIER MI 1
43842898 GARBARINO, GARY M 14236 BARNES RD BYRON MI 2
43804650 GUN OUTFITTERS LLC 8100 FORRISTER RD ADRIAN MI 2
43802612 HUELKE, DAVID RICHARD 10163 FAETANO LN MILAN MI 3
43803907 HUGHES PRECISION PRODUCTS LLC 924 E MULLETT LAKE RD |ND|AN RIVER MI 46
43803198 KAMPFELD CUSTOM INC 12846 CLINTON RD CLINTON MI 2
43802543 NORTHLINK ENT 10703 S OLD 27 WATERS MI 1
43800250 PIERCE ENGINEERING LTD 5122 N GRAND RIVER LANSING MI 112
43803551 RED OAK GUNSMITHING, LTD 6872 COLLINS ROAD ONAWAY MI 1
43803362 ROSS PRECISION MANUFACTURING, INC 1522 W40TH ST FREMONT MI 1
43804970 SHUFF'S PARKERIZING LLC 8300 WALWORTH RD JEROME MI 1
43804312 WEBBER, BRUCE FLOYD 7524 LINCOLN AVE BARODA MI 1
34101337 ATEK PRODUCTS LLC 210 NE10TH AVE BRAINERD MN 14436
34102861 COONAN INC 2033 105TH AVE N E BLAINE MN 53
34136204 D C INDUSTRIES INC 2033 105TH AVE NORTH EAST BLAINE MN 309
34102490 DPMS FIREARMS LLC 331212TH ST SE ST CLOUD MN 83129
34137259 E ARTHUR BROWN CO INC 4088 COUNTY ROAD 40 NW GARFIELD MN 62
34136974 JP ENTERPRISES INC 15125 FRANCESCA AVENUE HUGO MN 592
34101689 MAGNUM RESEARCH, INC 12602 33RD AVENUE SW PILLAGER MN 2580
34102156 MICHAELSON, ANDREW PAUL 5491 FEN|AN COURT NORTH BRANCH MN 41
34136939 NARTRON, INC 324 KNOPP VALLEY DR VVINONA MN 16
34101717 NORDIC COMPONENTS INC 1158 B HWY 7 EAST HUTCHINSON MN 369
34102462 PINE TECHNICAL COLLEGE 900 4TH ST SE PINE CITY MN 1
PREPARED BY THE OFFICE OF FESD, BUREAU OF ALCOHOL, TOBACCO, FIREARMS AND EXPLOSIVES
WASHINGTON DC
01I20l2011
RIFLES MANUFACTURED IN 2009
PAGE 17 OF 40
RDS KEY LICENSE NAME STREET CITY ST RIFLE MFG
34136507 SCOTT, ALBERT JAMES 30835 ORIOLE AVE BLD 1 A|TK|N MN 1
34102621 SIX SIGMA ARMS LLC 3800 WOODBINE LN N BROOKLYN CENTER MN 12
34102652 SLR15 RIFLES INC 1319 RICE CREEK RD FR|DLEY MN 50
34102463 VELOCITY LLC 7047 RICE LAKE RD DULUTH MN 54
34100800 VULCAN ARMS INC 9487 INVER GROVE TR INVER GROVE HEIGHTS MN 2534
54303752 ABSOLUTE ACCURACY LLC 812 N KURZWEIL RD RAYMORE MO 5
54303836 AFFORDABLE GUN WORKS CORP 1505 STATE L|NE RD KIRBYVILLE MO 3
54304879 BAUER, RICHARD LAWRENCE JR 400 SUNSET DR APPLETON CITY MO 41
54300192 BINGHAM, JOHN WILLIAM 20170 CO RD 525 BLOOMFIELD MO 6
54306127 BLACK RA|N ORDNANCE INC 15115 KODIAK RD NEOSHO MO 13
54305482 CEDAR FALLS TACTICAL, LLC 1111 E MAIN ST PARK H|LLS MO 24
54301610 CMMG INC 620 COUNTY ROAD 118 FAYETTE MO 14237
54303892 COMPETITIVE EDGE GUN WORKS LLC 17154 CR 180 BOGARD MO 1
54306958 D&C GUN COMPANY LLC 2301 S FRANKLIN KIRKSVILLE MO 1
54339122 ED BROWN PRODUCTS, INC 43825 MULDROW TRAIL PERRY MO 109
54339741 FOUTCH, DENNIS M 2001 CLAY ST NORTH KANSAS CITY MO 7
54303217 G A PRECISION LLC 1141 SWIFT ST NORTH KANSAS CITY MO 217
54304601 GRANDMASTERS LLC 29739 HWY J GRAVOIS MILLS MO 2
54304643 JACKSON SERVICES LLC 4680 A STATE HWY 74 CAPE GIRARDEAU MO 11
54306842 LAWSON, ROBERT D 1830 COLBURN RD CABOOL MO 5
54302814 LONGSHOT RIFLES LLC 946 NW HIGHWAY B URICH MO 14
54306352 M M O COMPANIES INC 240 SEEBOLD SPUR FENTON MO 49
54304644 MIDWEST TACTICAL INC 14048 CR 200 JASPER MO 29
54306091 PRECISION MACHINED PARTS INC 1214 N OSAGE BLVD NEVADA MO 108
54303230 RALEIGH, DAR|N EUGENE 18622 AUDRAIN CO RD 937 MEXICO MO 231
54302489 REMINGTON, L|EF 4510 HWY124 HARRISBURG MO 1
54304635 ROBERT PORTER LLC 21911 S STATE L|NE RD BELTON MO 1
54305838 SULLIVAN GUN WORKS, LLC. 727 VIRGINIA JOPLIN MO 3
54306554 TEAM ACTION GEARIKANSAS CITY GUN WORKS 2103 FOREST AVE KANSAS CITY MO 1
54305823 TIRTPLE RIVER GUNSMITHING LLC 619 COMMERCIAL ST WARSAW MO 259
54305440 YUKON GUN REPAIR & SALES LLC 5082 HWY 137 YUKON MO 6
16401960 WOODS, WILLIAM S JR 63047 HWY 25 N AMORY MS 4
98101051 ALLEN, KIRBY LEROY 99 STEVENSON RD FORT SHAW MT 39
PREPARED BY THE OFFICE OF FESD, BUREAU OF ALCOHOL, TOBACCO, FIREARMS AND EXPLOSIVES
WASHINGTON DC
01I20l2011
RIFLES MANUFACTURED IN 2009
PAGE 18 OF 40
RDS KEY LICENSE NAME STREET CITY ST RIFLE MFG
98155388 C SHARPS ARMS CO INC 100 CENTENNIAL DR BIG TIMBER MT 203
98135432 COOPER FIREARMS OF MONTANA INC 4004 HWY 93 N STEVENSVILLE MT 980
98101132 COOPER FIREARMS OF MONTANA INC 4004 HWY 93 NORTH STEVENSVILLE MT 1562
98101025 GENTRY CUSTOM LLC 314 N HOFFMAN ST BELGRADE MT 11
98101104 GORDNER, GENE FRANKLIN 646 S FOYS LAKE DR KALISPELL MT 12
98100900 JACOBSON, WAYNE DALE 1711 MOUNTAIN VIEW ORCHARD RD CORVALLIS MT 6
98101043 JENSE PRECISION LLC 6660 CAM CT MISSOULA MT 4
98100184 MERICA, TIMOTHY TYLER 459 PRINCETON PLACE BOZEMAN MT 3
98101151 MONTANA RIFLE COMPANY 3174 MT HWY 35 KALISPELL MT 33
98101099 MPI RIFLES LLC 520 N MONTANA DILLON MT 19
98134111 NOREEN, PETER HENNING 5075 BUENA VISTA DR BELGRADE MT 140
98133799 POWDER RIVER RIFLE CO INC 201 CENTENNIAL DR BIG TIMBER MT 574
98135405 PURSLEY, AARON & OTTO, RONALD ROBERT 159 2ND AVE BIG SANDY MT 6
98100818 ROCKY MOUNTAIN CENTERFIRES 11711 EASTNVEST TENNEY RD SHEPHERD MT 2
98101163 S| DEFENSE INC 2902 HIGHWAY 93 N KALISPELL MT 31
98101226 SNOWY MOUNTAIN RIFLE COMPANY LLC 9889 GARRYMORE LN MISSOULA MT 29
98100120 STARNES, JOE B 7 SOUTH WISCONSIN CONRAD MT 5
98101199 TEMPLAR TACTICAL ARMS LLC 26 A SHAWNEE WAY BOZEMAN MT 1
15602923 AMERICAN TACTICAL & PAWN, INC 808 S DEKALB ST SHELBY NC 14
15603066 APPALACHIAN GUNSMITHING INC 8 SNAPFINGER DR WEAVERVILLE NC 75
15604638 BARNES PRECISION MACHINE INC 1434 FARRINGTON RD APEX NC 102
15603409 BEAL, RONALD JAMES & BUSH, DARRELL WAYNE 9283 US HWY 220 BUSINESS NORTH RANDLEMAN NC 3
15639696 CHANDLER, NORMAN A 100 RADCL|FFE CIRCLE JACKSONVILLE NC 24
15604330 CHATHAM ARMS LLC 130 MINT SPRINGS RD PITTSBORO NC 31
15601287 CJK FARMS INC 194 BUNCOMBE H|LL LN MOUNT OLIVE NC 6
15604310 CL|NE BRADLEY CO INC 1570 SOUTH MAIN ST WAYNESVILLE NC 132
15602965 CNC WARRIOR LLC 605 TODDVILLE RD CHARLOTTE NC 2
15602585 DAVIS, RONALD DUANE 1920-B TOWER INDUSTRIAL DR MONROE NC 7273
15603403 DEL-TON, INC 330 AVIATION PARKWAY ELIZABETHTOWN NC 19369
15603266 D|CKS GUN REPAIR INC 421 LAKE DR WINSTON SALEM NC 1
15600510 EH|NGER, MICHAEL JEROME 1634 STEDMAN CEDAR CREEK RD STEDMAN NC 1
15602384 GULLEDGE, RANDALL SCOTT 4438 K|MESV|LLE RD BURLINGTON NC 70
15640357 H|LTS, RICHARD JAY 413 WHITE HAT RD HERTFORD NC 2
PREPARED BY THE OFFICE OF FESD, BUREAU OF ALCOHOL, TOBACCO, FIREARMS AND EXPLOSIVES
WASHINGTON DC
01I20l2011
RIFLES MANUFACTURED IN 2009
PAGE 19 OF 40
RDS KEY LICENSE NAME STREET CITY ST RIFLE MFG
15602808 |.O. INC 3305 WESTWOOD INDUSTRIAL DR MONROE NC 7254
15604936 MOORES MACHINE COMPANY INC 310 MCNE|LL RD SANFORD NC 55
15604184 OATES, M|CHEAL MARTIN 108 S H|LL ST FAISON NC 14
15604309 PARA USA INC 10620 SOUTHERN LOOP BLVD PINEVILLE NC 713
15604372 R|FLEMAN CONSULTING LLC 201 REMINGTON LANE CARTHAGE NC 12
15640626 TAYLOR, GEORGE JOSEPH 424 PETERSBURG RD RICHLANDS NC 4
15604129 TEMPLAR CONSULTING LLC 104 BUTTERMILKWAY APEX NC 37
15604740 TOOLEY CUSTOM RIFLES LLC 3317 CANDLEVVICKWAY GASTONIA NC 9
15602904 TOOLEY, DAVID SHROYER 3317 CANDLEVVICKWAY GASTONIA NC 12
15603121 US TRAINING CENTER, INC 850 PUDDIN RIDGE RD MOYOCK NC 71
15602843 WALLERGUNZ LLC 55 FORE WAY ASHEVILLE NC 2
15604367 W|LL|AM LEWIS CORLEY 710 COVINGTON CT HUBERT NC 3
15604098 WOLFE, JONATHAN YORK 1335 BLANTON ST COLUMBUS NC 17
54700602 ADVANCED BARREL SYSTEMS, INC 3120 N 33RD ST SUITE1 LINCOLN NE 1
54700491 FRERKING, TRAVIS AARON 325 SHERIDAN AVENUE CORTLAND NE 50
54733630 HATCHER, TODD M 76650 RD 342 ELS|E NE 30
54700948 MCCUMBERS, CHAD ALLEN 348 LIBERTY OIL RD MORRILL NE 3
54701043 TANK'S RIFLE SHOP LLC 1777 COUNTY ROAD 20 FREMONT NE 2
54700496 VIERS, DAVID A 58896 866 RD ALLEN NE 3
60201009 HECKLER & KOCH INC 27 PISCATAQUA DR NEWINGTON NH 6
60200799 LUSA USA LLC 1575 HOOKSETT RD STE 3 HOOKSETT NH 107
60201128 S|G SAUER INC 12 &18 INDUSTRIAL DR EXETER NH 39294
60201484 STURM, RUGER & COMPANY, INC 411 SUNAPEE ST NEWPORT NH 359885
60200897 THOMPSON CENTER ARMS CO INC 400 NORTH MAIN STREET ROCHESTER NH 33762
60234420 T|FF|N MILLER CORP 15 DEBBIE DR PELHAM NH 1
60201189 WARNER TOOL COMPANY INC 201 OLD HOMESTEAD HIGHWAY SWANZEY NH 3
82200281 GR|FF|N & HOWE INC 33 CLAREMONT RD BERNARDSVILLE NJ 1
82200698 HENRY RAC HOLDING CORP 59 E 1ST ST BAYONNE NJ 123680
82200864 SHOOTERS CORNER INC, THE 8 NEWJERSEY AVE LAKE HOPATCONG NJ 4
58500280 BORCHARDT RIFLE CORP 9732 HWY 180 W SILVER CITY NM 6
58500357 ENGLE, ROBERT BLAINE 11520 SAN BERNARDINO AVE NE ALBUQUERQUE NM 47
58501194 HAYES, STANLEY EDWARD 415 KOLLEEN CT LOS ALAMOS NM 1
58501046 LAMBERT, JAMES E JR & CROOK, RANDY 28 COUNTY RD B027 MOUNTAINAIR NM 19
PREPARED BY THE OFFICE OF FESD, BUREAU OF ALCOHOL, TOBACCO, FIREARMS AND EXPLOSIVES
WASHINGTON DC
01I20l2011
RIFLES MANUFACTURED IN 2009
PAGE 20 OF 40
RDS KEY LICENSE NAME STREET CITY ST RIFLE MFG
58534617 ROBERTSON, CHARLES R 9812-A COCHITI SE ALBUQUERQUE NM 6
58500991 SULLIVAN, ROBERT PATRICK 6877 AUGUSTA H|LLS DR RIO RANCHO NM 1
58501097 WATERFIELD, JAMES J 3216 LOS ARBOLES AVE NE ALBUQUERQUE NM 1
98800094 ARSENAL INC 4395 W POST RD UNIT 100 LAS VEGAS NV 51
98800975 BLACK BEARD RESEARCH & DEVELOPMENT LLC 904 VISTA PARK DR CARSON CITY NV 7
98835517 DEBORD, CURTIS LEE 5301 LONGLEY LN BLDG C SUITE 87-88 RENO NV 1
98835309 EDMAC INC 21 CYGNET DR #100 CARSON CITY NV 15
98801258 FULLER, J|MM|E L 3855 E PATRICK LANE #125 LAS VEGAS NV 8
98833020 GUN STORE INC, THE 2900 E TROPICANA LAS VEGAS NV 30
98835254 HOUSKEN, GEORGE E 2280 SANDOVAL GARDNERVILLE NV 2
98801039 LOCKETT, DANIEL ERIC 5225 GRUMMAN DR CARSON CITY NV 3
98801449 MEEHAN, DAVID AARON 5801 SHEEP DRIVE UNIT 10 CARSON CITY NV 2
61601869 CROSS CUSTOM WORKS, INC 10007 HAWKINS RD GOWANDA NY 1
61601854 H&R1871,LLC 14 HOEFLER AVENUE |L|ON NY 38589
61601885 HARRIS, MARK MARTIN 605 BRONDER HOLLOW RD GEORGETOWN NY 8
61600463 HOJNICKI, DAVID 2720 MERKLE RD ATT|CA NY 16
61400850 ISLAND MACHINE INC 22 GUY WAY PLATTSBURGH NY 4213
61334276 KIMBER MFG INC 1 LAWTON ST YONKERS NY 5718
61601607 KOHLSTAEDT, RONALD HERMAN 231 SALTONSTALL STREET CANANDAIGUA NY 12
61100308 LRB OF LONG ISLAND INC 96 CHERRY LANE FLORAL PARK NY 6490
61400873 MANEY, MICHAEL THOMAS 35 LOCUST GROVE RD SARATOGA SPRINGS NY 3
61601982 MITCHELL MACHINE TOOL LLC 190 MURRAY ST ROCHESTER NY 10
61600727 REMINGTON ARMS CO INC 14 HOEFLER AVE |L|ON NY 154338
61636006 SCHMIDT, HANS IV 6874 LAKE SHORE RD DERBY NY 2
61601135 TURNBULL MANUFACTURING COMPANY 6680 RT 5-20 BLOOMFIELD NY 57
43402033 7.62MM FIREARMS, LLC 220 NORTH HIGH ST WADSWORTH OH 31
43102394 ACRODYNE MFG CO 41 KINGSTON AVE COLUMBUS OH 100
43101268 ANDERSON, BARRY 219 ORCHARD ST LEVVISBURG OH 7
43435702 BEEMILLER INC 1015 SPRINGMILL RD MANSFIELD OH 24000
43402755 CUSTOM BLUE LLC 75215 JOHNSON RUN RD NEWCOMERSTOWN OH 1
43402362 DEFENSIVE CREATIONS LLC 253 MAPLEWOOD DR ALLIANCE OH 12
43102313 D|LES, PAUL DOUGLAS 8944 GREEN ST WHEELERSBURG OH 1
43101446 FOREMAN, TIMOTHY KURT 6990 ELIZABETH BETHEL RD TIPP CITY OH 37
PREPARED BY THE OFFICE OF FESD, BUREAU OF ALCOHOL, TOBACCO, FIREARMS AND EXPLOSIVES
WASHINGTON DC
01I20l2011
RIFLES MANUFACTURED IN 2009
PAGE 21 OF 40
RDS KEY LICENSE NAME STREET CITY ST RIFLE MFG
43102214 GUN WORKS NOW LLC 13827 MARSHALL RD ROCKBRIDGE OH 6
43437450 JAMES BALOGH, INC 13566 |ND|AN HOLLOW RD GRAFTON OH 11
43100615 JOHNSON, JAMES DOUGLAS 8141 ST RT 245 DE GRAFF OH 103
43436235 JONES, JOHNDAVID 590 WOODVUE LANE VVINTERSVILLE OH 28
43437065 KELBLY'S RIFLE RANGE INC 7222 DALTON FOX LAKE RD NORTH LAWRENCE OH 102
43102660 KNOUS TOOL & MACHINE INC 14184 SR116 ST MARYS OH 4
43401419 LORENZ, THOMAS E 204 WEST SECOND STREET DOVER OH 28
43402076 NORTHWEST TACTICAL, LLC 04381 BEERBOWER RD EDGERTON OH 1
43401651 OHIO ORDNANCE WORKS INC 310 PARK DR CHARDON OH 267
43402567 RIVER SERVICES INC 38633 MILLER RD LEETONIA OH 2
43101790 SCHOESSLER'S SUPPLY ROOM LLC 698 PLEASANT VALLEY DR SPRINGBORO OH 3
43102059 STOUTS GUN SHOP & REPAIR, LLC 5452 CR 26 BELLEFONTAINE OH 13
43402537 VALLEY WEAPONRY LLC 432 MAIN ST VVINTERSVILLE OH 7
43402521 VALOR ARMS LLC 2812 RIVERVIEW RD AKRON OH 3
43400683 VERHOFF, DARR|N 872 N PERRY ST OTTAWA OH 5
43437699 WALTER, JAMES F 19605 N|CKLE PLATE DIAGONAL RD WELLINGTON OH 21
43102406 WEAVER, DANIEL EUGENE 466 S CLAYTON RD NEW LEBANON OH 1
43402493 WELLS, GREGORY F 1951 S MAIN ST UNIT 3 AKRON OH 34
57302562 ACCURATE IRON LLC 12804 BUCKBOARD RD JONES OK 1
57301571 BENSON, BRANDON SCOTT 15508 MARIE DR PIEDMONT OK 2
57334849 CROSSNO, DAVE 23380 N ANDERSON RD ARCADIA OK 1
57302390 CUTTING EDGE ARMS LLC 6840 NW11TH STREET OKLAHOMA CITY OK 1
57337041 FLEMING, JAMES HC 63 BOX 196 RED OAK OK 2
57336993 FRIEND, MICHAEL L 69400 E HWY 60 WYANDOTTE OK 43
57302561 MARK Q HOLLAND ENTERPRISES LLC 215 INDUSTRIAL BLVD MOORE OK 7
57302299 MJKC INVESTMENTS LLC 5712 NW112TH OKLAHOMA CITY OK 22
57302643 OKLAHOMA ARQUEBUS LLC 5504 N HUNTERS RIDGE ST|LLWATER OK 1
57302819 PRO FAB WELDING INC 601 S MAIN LEEDEY OK 2
57302942 R|JAS SERVICES LLC 10204 E 450 RD CLAREMORE OK 12
57302059 SHOP LLC, THE 1704 DEAVILLE DR NEWCASTLE OK 2
57300150 SPACE-CONSYSTEMS INC 6567 E 21 ST PL #A, B, C, D, E TULSA OK 979
57301293 SURGEON RIFLES INCORPORATED 48955 MOCCASIN TRAIL RD PRAGUE OK 128
57302525 TED'S CUSTOM SHOP LLC 117 BLUE STEM WEATHERFORD OK 1
PREPARED BY THE OFFICE OF FESD, BUREAU OF ALCOHOL, TOBACCO, FIREARMS AND EXPLOSIVES
WASHINGTON DC
01I20l2011
RIFLES MANUFACTURED IN 2009
PAGE 22 OF 40
RDS KEY LICENSE NAME STREET CITY ST RIFLE MFG
57301980 TOOLS OF THE TRADE LLC 7420 DUFFY RD LEXINGTON OK 2
57302928 WHITSON, MICHAEL WARREN 13735 CR 3594 ADA OK 3
57336699 ZIMMERMAN, DAN B 3840 SW113TH OKLAHOMA CITY OK 9
99301499 762, LLC 3093 27TH AVE SE ALBANY OR 5
99301162 ALLIED ARMAMENT, INC. 55948 COLUMBIA RIVER HWY SCAPPOOSE OR 1425
99302007 ARMS LLC 13313 EHLEN RD NE AURORA OR 15
99302159 BEND MACHINE INC 63352 NELS ANDERSON RD BEND OR 1123
99301775 BEND MANUFACTURING GROUP INC 62990 NE18TH ST SUITE 120 BEND OR 1031
99335597 CASCADE ARMS INC 52261 KELLY SPRINGS RD MAUPIN OR 3
99300756 CELESTE, TIMOTHY MATTHEW 548 MENLO DR N KEIZER OR 2
99301999 DOWNS, RON 5766 HWY101 N YACHATS OR 1
99301629 FORT MOE ARMS LLC 3678 SE W|LLAMETTE AVE MILWAUKIE OR 3
99302019 GARNER, |AN HALE 1925 NW NICKERNUT AVE REDMOND OR 10
99302489 HAMLEYS LLC 30 SE COURT AVE PENDLETON OR 6
99302091 J M WELDING LLC 7070 NW NARC|SSA LN BLDG B CROOKED RIVER RANCH OR 2
99300526 LUTTRELL, KENT WARREN 11420 SW RIDGECREST DR BEAVERTON OR 24
99301142 NOSLER, INC 107 SW COLUMBIA ST BEND OR 198
99301001 NOVESKE RIFLEWORKS LLC 594 NE E ST GRANTS PASS OR 750
99301738 ROADS, NATHAN JAMES 625 NW BAY BLVD UNIT 5 TOLEDO OR 350
99301710 STUBBORN MULE OUTDOOR SUPPLY, LLC 484 PLEASANT VALLEY RD GRANTS PASS OR 51
99301619 TAYLOR, LEO 33880 SE EVERETT WAY SCAPPOOSE OR 1
99337182 TNW FIREARMS INC 55325 TIMBER RD VERNONIA OR 1709
99301937 TORNADO TECHNOLOGIES LLC 2020 NWALOCLEK DR STE 106 H|LLSBORO OR 12
99301525 WHITE, GREGG 14411 S. STONERIDGE DRIVE OREGON CITY OR 1
99301864 WRIGHT, GEORGE TERRY 31770 FAYETTEVILLE DR SHEDD OR 1
99302088 YEAMANS, MATTHEW B 480 ROGUE RIVER PKWY TALENT OR 152
82502166 ACCURATE RIFLEWORKS, LLC 119381/2 ROUTE 19 NORTH WATERFORD PA 3
82300401 ARMAMENT SERVICES INTERNATIONAL INC (ASI) 103 CAMARS DR WARMINSTER PA 6
82338992 BORDEN, JAMES F 1325 SHELDON H|LL ROAD SPRINGVILLE PA 56
82301687 CLYMERS ULTRA DESERT RIFLES, LLC 1045 NW END BLVD LOT 326 2 MAPLE DR QUAKERTOWN PA 2
82503004 DAVE BRUNO PRECISION RIFLES LLC 919 K|TTANN|NG AVE DAYTON PA 6
82508282 ER SHAW INC 5312 THOMS RUN RD BRIDGEVILLE PA 87
82300848 GOODLING, SIDNEY J 1950 STOVERSTOWN RD SPRING GROVE PA 4
PREPARED BY THE OFFICE OF FESD, BUREAU OF ALCOHOL, TOBACCO, FIREARMS AND EXPLOSIVES
WASHINGTON DC
01I20l2011
RIFLES MANUFACTURED IN 2009
PAGE 23 OF 40
RDS KEY LICENSE NAME STREET CITY ST RIFLE MFG
82301232 HALO ARMS LLC 1396 NATHAN HALE DR PHOENIXVILLE PA 1
82339102 HAMMONDS, CLARENCE H 415 GREENWAY RED LION PA 4
82502688 H| VELOCITY INC 1091 MILLION DOLLAR HWY ST MARYS PA 4
82302834 KEYSTONE SPORTING ARMS LLC 155 SODOM RD MILTON PA 45463
82304013 KING, MARK S 238 NOTCH RD DUNCANNON PA 1
82302810 M & B CUSTOM FIREARMS INC 58 VILLAGE RD ETTERS PA 11
82503096 MASTERPIECE FENCE & DECK CO 311 WALTON STREET PHILIPSBURG PA 1
82500420 MCCAW, JOHN ROBERT 1630 CALIFORNIA AVE, REAR WHITE OAK PA 9
82502687 PENNSYLVANIA DEFENSE CONSULTANTS LLC 5731 SM|THF|ELD ST MC KEESPORT PA 5
82304026 PHILADELPHIA ORDNANCE INC 222 ROESCH AVE ORELAND PA 1
82338061 PRECISION ARMAMENTS INC 7013 DOGWOOD CIRCLE SLAT|NGTON PA 9
82311979 ROBERT HART & SON INC 401 MONTGOMERY ST NESCOPECK PA 8
82503101 ROBINSON CUSTOM GUNS LLC 861 RIDGE RD WAYNESBURG PA 3
82303573 ROUSH ARMS LLC 125 FRYTOWN RD CARL|SLE PA 5
82502716 SAYTI, DENNIS G 175 MAPLE GLEN DR HARMONY PA 2
82300267 SINGLE SHOT RIFLES |NC RR 2 BOX 1012 D|NGMANS FERRY PA 46
82303517 STEMPLINGER, BERNARD A 134 SOUTH 9TH ST AKRON PA 3
82502168 SWATSWORTH, WILLIAM JOHN 156 BAKER RD DU BOIS PA 33
82303270 U S ARMAMENT CORP 121 VALLEY VIEW DR EPHRATA PA 25
82502999 XTREME MACHINING LLC 6506 KYLERTOWN DR|FT|NG HWY DR|FT|NG PA 214
82501703 ZELENKY, ROBERT A 500 COOPER AV GRASSFLAT PA 214
15701554 CHANG, BILLY WILLS 692 BROUGHTON ST SE ORANGEBURG SC 2
15702581 FN MANUFACTURING, LLC 797 OLD CLEMSON ROAD COLUMBIA SC 21878
15702180 GARNER, JOHNSON HAROLD Ill 1105 BAILEY TOWN RD UNION SC 1
15702231 GORDON SPECIALTY ARMS LLC 2A CUSTOM M|LL CT GREENVILLE SC 1
15701803 JARRETT RIFLES INC 383 BROWN RD JACKSON SC 73
15736279 ON TARGET INC 1117 BELLREIVE DR AIKEN SC 28
15702223 TURN-KEY TACTICAL SOLUTIONS LLC 353 SANDIFER RD YORK SC 1
34600713 AKERS, ROBERT WESLEY 1350 NEVA WAY RAPID CITY SD 2
34600742 DA ACQUISITIONS LLC 1310 INDUSTRY RD STURGIS SD 99
34600493 GGS 3 905 WEST 41ST STREET SIOUX FALLS SD 2
34633475 H S PRECISION INC 1301 TURBINE DR RAPID CITY SD 613
34633933 MAYER, LOUIS 422 N MAIN ISABEL SD 1
PREPARED BY THE OFFICE OF FESD, BUREAU OF ALCOHOL, TOBACCO, FIREARMS AND EXPLOSIVES
WASHINGTON DC
01I20l2011
RIFLES MANUFACTURED IN 2009
PAGE 24 OF 40
RDS KEY LICENSE NAME STREET CITY ST RIFLE MFG
34600746 MILLER MANUFACTURING LLC 150 PURL ST SAINT ONGE SD 21
34600644 SATTERLEE ARMS LLC 21593 PAHKAMAA RD DEADWOOD SD 18
34600087 SH|LL|NG, BENJAMIN L 14870 229TH ST RAPID CITY SD 1
16203373 DUNCAN , WARREN THOMAS 2160 SOUTH LEE HWY CLEVELAND TN 73
16203124 ALLEN'S GUN SHOP, INC 925 DOVER RD CLARKSVILLE TN 11
16236907 BARRETT FIREARMS MFG INC 5926 MILLER LANE MURFREESBORO TN 5592
16201278 LOWREY, EDWIN 698 SEVEN M|LE RIDGE RD |ND|AN MOUND TN 10
16202247 MATHIS, RANDALL R 45 JENELLE DR PARIS TN 1
16203266 MCGUIRE, JOHN B 206 PARKVIEWDR MC MINNVILLE TN 11
16203450 MILLER, JEFFERY ALLEN 1117 RATTLESNAKE ROAD MC MINNVILLE TN 23
16203559 PERSIMMON RIDGE ENTERPRISES INC 1104 E CHURCH ST SUITE1 GREENEVILLE TN 50
16201448 SABRE DEFENCE INDUSTRIES LLC 450 ALLIED DR NASHVILLE TN 5347
16200053 SELLARS, TROY 1048 EAGLE VIEW DR KODAK TN 10
16203269 TG INTERNATIONAL INC 4662 SINGLETON STATION RD LOUISVILLE TN 2899
16201595 TG INTERNATIONAL INC 3260 NORTH BEND CIRCLE BLDG 4 ALCOA TN 21687
16202715 USELTON ARMS INC 390 SOUTHWINDS DR FRANKLIN TN 1
16204298 VEGA BALL|ST|CS CORPORATION 1776 S BELL AVE PARIS TN 4
57504682 ATWELL FINISHES LLC 1207 MELROSE DR RICHARDSON TX 1
57401497 AUSTIN PRECISION PRODUCTS INC 850 CR177 LEANDER TX 73
57504822 BRADSHAW, BAILEY PR 2114 G|LMER TX 3
57504967 BRADY, ANDREW SCOTT 6207 RENWOOD DR FORT WORTH TX 7
57504841 BRAMMER, GARY KENT 503 W NORTHGATE DR IRVING TX 5
57403754 BURNS, TIPTON MICHAEL 225 NEAL LN CANYON LAKE TX 2
57540686 C A M ”I CORPORATION CO RD 410 OZONA TX 2
57402463 CACTUS WEAPONS SYSTEMS, INC 109 PIERCE STREET DEL RIO TX 1
57504198 CLEMENTS, COY ROBERTS 205 ROSE H|LL ROAD WHITEWRIGHT TX 280
57402904 COUNTRY WIDE SPORTS INC 6404 NORTH MESA #4 EL PASO TX 64
57504730 CW CLASSICS LLC 862 THOMAS RD SPRINGTOWN TX 5
57504463 DEROUEN, ERROL PATRICK 16745 FM 1716 EAST HENDERSON TX 3
57402209 DISCREET ORDNANCE LLC 729 S MCLENNAN DR ELM MOTT TX 13
57602230 ESG GUNWORKS LLC 3000 N MAIN #3B BAYTOWN TX 3
57600160 FIREARMS INTERNATIONAL INC 5151 MITCHELLDALE B11 THRU B14 HOUSTON TX 1453
57403973 FIVE FOUR TACTICAL 2843 HAYDEN RANCH RD FREDERICKSBURG TX 5
PREPARED BY THE OFFICE OF FESD, BUREAU OF ALCOHOL, TOBACCO, FIREARMS AND EXPLOSIVES
WASHINGTON DC
01I20l2011
RIFLES MANUFACTURED IN 2009
PAGE 25 OF 40
RDS KEY LICENSE NAME STREET CITY ST RIFLE MFG
57601816 HACKETT, RICHARD 11778 CLINT PARKER RD CONROE TX 16
57502567 HARRIS, MICHAEL L & JERRY R 5150 A OLD TOWN RD ELYSIAN FIELDS TX 1
57401043 HCR INC 5726 SAFARI DR NEW BRAUNFELS TX 56
57636527 H|GH STANDARD MANUFACTURING CO INC 5151 MITCHELLDALE STE B11-B14 HOUSTON TX 4084
57403461 HORNYIAK, VAS|L| M 9011 APPALOOSA RUN AUSTIN TX 1
57402861 HYPERION LEGION INTERNATIONAL LLC 10949 E CRYSTAL FALLS PKWY LEANDER TX 103
57502881 INTEGRATED MACHINE & DESIGN INC 411 HWY199 W SPRINGTOWN TX 5
57403373 JOHNSON, GERALD WILLIAM JR 3317 FOREST TRAIL BANDERA TX 14
57601289 KENCO ARMS LLC 10111 CHAMPION FOREST LOOP CONROE TX 10
57403453 K|DD INNOVATIVE DESIGN LLC 2633 TERMINAL LOOP RD MCQUEENEY TX 92
57601443 KLEIBER ENTERPRISES INC 6200 N SHEPHERD HOUSTON TX 53
57403286 KNS PRECISION INC 112 MARSCHALL CREEK RD FREDERICKSBG TX 18
57542125 LAU, MICHAEL RICHARD 34280 N STATE HWY108 MINGUS TX 23
57637564 LONE STAR RIFLE CO INC 11231 ROSE ROAD CONROE TX 18
57602533 M E GORRIS & ASSOCIATES INC 106 HAWN DR LUMBERTON TX 8
57434208 MAVERICKARMS, |NC INDUSTRIAL BLVD MAVERICK CO DEVLPT EAGLE PASS TX 50782
57504097 MCBRIDE, PAUL FREDERICK SQEKCOUNTY ROAD 4680 BOYD TX 30
57504398 MCLEOD, PAIGE & CONNOR 1027 SUMMERPLACE LN SOUTHLAKE TX 21
57502754 M|CHENER, DAVID BENJAMIN 2615 GRAVEL DR FORT WORTH TX 57
57505190 MITCHELL CUSTOM GUNS AND BULLET WORKS 5967 FM 576 E BRECKENRIDGE TX 1
57402334 IRIT'FCHFORD CUSTOM GUNWORKS, LLC 28703 MARGERSTADT WALLER TX 25
57500624 PRIORITY TOOL & MACHINE INC 897 MIDNIGHT PASS ROCKWALL TX 8
57503181 R C S GUNS INC 4021 CR177 ANNA TX 1
57403767 R|DLEHUBER, JOHN D|CHER III 156 CR 305 LOTT TX 16
57504587 RINGE, LOUIS J 113 S FORK DR HUDSON OAKS TX 11
57501654 RODGERS, JIMMY E & RODGERS, TERESE B 21852 FM 449 SUITE A LONGVIEW TX 22
57504227 ROMINE, ORIN DANIEL 3221 COUNTY RD A4101 BIG SPRING TX 1
57504427 ROSSITER, LEONARD CURRIE 7691 CANYON DR AMAR|LLO TX 49
57504178 S & S PRECISION, INC 2126 HAMILTON DR #490 ARGYLE TX 21
57504911 SMITH, JAMES NEALAND 118 SUNRAY CT WEATHERFORD TX 1
57602120 SMITH, MICHAEL STUART 2241 JEFFERSON DR PORT ARTHUR TX 20
57503222 SMITH, RICKY G 1033 CR 4380 DECATUR TX 117
57601591 SOUTH TEXAS ARMORY LLC 10212 GEORGIBELLE STE 200 HOUSTON TX 41
PREPARED BY THE OFFICE OF FESD, BUREAU OF ALCOHOL, TOBACCO, FIREARMS AND EXPLOSIVES
WASHINGTON DC
01I20l2011
RIFLES MANUFACTURED IN 2009
PAGE 26 OF 40
RDS KEY LICENSE NAME STREET CITY ST RIFLE MFG
57403915 SPIESS, RONALD KEITH 219 BLACK JACK ALLEY KERRVILLE TX 3
57602197 TAZEWELL ENTERPRISES INC 730 SARTARTIA RD SUGAR LAND TX 9
57601901 TEXAS RIVER ARMORY LLC 4902 WELLS RD BRAZORIA TX 21
57504236 THOROUGHBRED RIFLES LLC 2049 CREEK RIDGE DR FRISCO TX 7
57602214 WI T S LLC 1979 W MCKINNEY HOUSTON TX 8
57602343 W N ENTERPRISES LLC 14602 QUAIL FARMS RD CYPRESS TX 1
57601795 WHITE, MELTON RAY 7412 JOHN RALSTON RD HOUSTON TX 19
57501803 WHITSON, JON DAVID 2544 COOLWATER DR PLANO TX 7
57502590 WISE L|TE ARMS INC 903 S ALLEN BOYD TX 4731
57402595 WORRELL, CHARLES H 10479 FM 2093 TIVYDALE RD FREDERICKSBURG TX 1
98787363 ARMS TECHNOLOGY INC 2779 DIRECTORS ROW SALT LAKE CITY UT 355
98701082 BAR-NEL INC 2698 S REDWOOD RD STE K WEST VALLEY CITY UT 24
98701005 BROWNING ARMS COMPANY ONE BROWNING PLACE MORGAN UT 2
98700716 CHILD, LELAND VERL 4175 SOUTH 4300 WEST WEST HAVEN UT 32
98700554 ECHOLS, D'ARCY 98 WEST 300 SOUTH - UNIT #25 M|LLV|LLE UT 9
98701067 EDM ARMS, INC 2410 WEST 350 NORTH BLDG #6 HURRICANE UT 66
98700869 FEDORUK, MITCHELL A 598 W CLARK ST, BLDG B, UNIT #3 GRANTSVILLE UT 11
98706281 LAR MANUFACTURING INC 4133 WEST FARM RD WEST JORDAN UT 10
98701235 LINDSAY, ROBERT BRUCE 487 SOUTH MAIN STREET EPHRAIM UT 2
98700778 MACHINE GUN ARMORY LLC 1216 LAVON CIRCLE (3420 SOUTH) SALT LAKE CITY UT 1
98701245 MOUTAIN VIEW MACHINE AND WELDING INC 2485 SOUTH 1350 WEST LOGAN UT 26
98701000 PAWELEC, RICHARD S 512 NORTH MAIN ST KANARRAVILLE UT 11
98700728 SNIPER SUSTAINMENT & LOGISTICS, LLC 5189 SOUTH 300 WEST MURRAY UT 2
98700368 VECTOR ARMS INC 270 W500 NO NORTH SALT LAKE UT 501
98701053 WASATCH PRECISION ARMS LLC 155 WEST 14TH ST OGDEN UT 15
98734724 ZDF IMPORTIEXPORT, LLC 2090 N REDWOOD RD #40 SALT LAKE CITY UT 1605
15403245 ALEXANDER INDUSTRIES INC US ARMY RADFORD ARSENAL RTE114 RADFORD VA 1059
15405440 ASHBURY INTERNATIONALGROUP |NC :4IDBSS3I7NJESS PARK C|R RUCKERSVILLE VA 3
15403538 BROUGHMAN, ROBERT ALLAN 314 HORSE MTN VIEW COVINGTON VA 6
15403090 CAMPBELL, ALLEN WAYNE 264 BENCHREST LN CONCORD VA 4
15401454 CLEMENTS, CHARLES DAVID 2766 MT ZION RD WOODLAWN VA 2
15404061 CRISTEA, S|MEON N 3063 GREEN LEVEL RD SCOTTSBURG VA 3
15438765 CUSTOM GUNSMITHING INC 11876 LORD FAIRFAX HWY BOYCE VA 2
PREPARED BY THE OFFICE OF FESD, BUREAU OF ALCOHOL, TOBACCO, FIREARMS AND EXPLOSIVES
WASHINGTON DC
01I20l2011
RIFLES MANUFACTURED IN 2009
PAGE 27 OF 40
RDS KEY LICENSE NAME STREET CITY ST RIFLE MFG
15403847 FRANKLIN, GEORGE RICHARD 10431 STEWARTSVILLE RD VINTON VA 39
15406017 FUNK, RONALD ALLEN 599 BUCKS M|LL RD STRASBURG VA 1
15402723 HARDGEAR, LLC 31 EAST JUBAL EARLY DR WINCHESTER VA 3
15404869 HERITAGE, DOUGLAS EDWIN 11645 SANDAL WOOD LN MANASSAS VA 1
15402925 KR|SS USA, INC 2697 INTERNATIONAL PARKWAY SUITE 4- VIRGINIA BEACH VA 1035
15400508 MCPEAKE, TIMOTHY & MCPEAKE JEFFREY 1530 STAPLES ST LOT1 RADFORD VA 1
15405553 OWENS, RANDELL SAM 339 ELLEN DR GATE CITY VA 5
15402741 UNITED ARMAMENT LLC 425 SOUTHLAKE BLVD SUITE 3B RICHMOND VA 2
15405971 WEATHERFORD, MICHAEL K 5003 ADMIRAL WRIGHT ROAD VIRGINIA BEACH VA 118
60300433 AREOTEK INDUSTRIES LLC 153 STAFFORD AVE MORRISVILLE VT 27813
60333217 CENTURY ARMS INC 236 BRYCE BLVD GEORGIA VT 42876
99101098 AERO PRECISION INC 2338 HOLGATE ST TACOMA WA 27109
99101775 BLACKWELL INDUSTRIES INC 16552121 AVE SE RENTON WA 2
99100409 CAUDLE, CARL EUGENE 9368 ROAD 10 NE MOSES LAKE WA 1
99102746 CLOES, RICHARD YATES 4710 |LLAHEE RD NE BREMERTON WA 12
99100289 GALT, SEAN PATRICK 8601 16TH AVE SW SEATTLE WA 2
99102839 GOLA, KENNETH RAY 212 BLACK CROW WAY WASHOUGAL WA 5
99102907 H|GH MOUNTAIN HUNTING SUPPLY LLC 223 N MISSION WENATCHEE WA 1
99101841 J BEAGLE RIFLES & CO LLC 20107 NE 29TH AVE R|DGEF|ELD WA 3
99101627 K & S INVESTMENTS LLC 675 NW G|LMAN BLVD |SSAQUAH WA 6
99100750 MEGA MACHINE SHOP INC 5323 JOPPA STREET SW TUMWATER WA 5398
99102895 MILLER, WILLIAM FRANKLIN JR 21813TH ST SNOHOMISH WA 20
99114520 OLYMPIC ARMS INC 624 OLD PACIFIC HWY SE OLYMPIA WA 12089
99103159 PACIFIC AEROSPACE & ELECTRONICS INC 434 OLDS STATION RD WENATCHEE WA 2
99102975 QUESTECH UNLIMITED 3316 OLD HARTFORD RD STE A-1 LAKE STEVENS WA 1
99102474 RATTLESNAKE ORDNANCE COMPANY LLC 42105 E RIDGECREST DR NE BENTON CITY WA 1
99102755 SCALF, W|LL|AM JEROD 11147 HWY 12 SW ROCHESTER WA 2
99102834 SURPLUS AMMO & ARMS LLC 12729 PACIFIC HWY SW LAKEWOOD WA 42
33904002 ALL WEAPONS ONE LLC 5744 S LAKE ST FRONTAGE BRULE WI 17
33903625 B & V GUNSMITHING LLC S 1261 MATCHEY RD INDEPENDENCE WI 3
33903743 BRAVO COMPANY MFG INC 802 ROSE DR HARTLAND WI 897
33903985 CENTER SHOT RIFLES LLC 5331 SECOND AVE PITTSVILLE WI 5
33900732 EAST RIDGE GUN CO INC 6319 5TH AVE BANCROFT WI 46
PREPARED BY THE OFFICE OF FESD, BUREAU OF ALCOHOL, TOBACCO, FIREARMS AND EXPLOSIVES
WASHINGTON DC
01I20l2011
RIFLES MANUFACTURED IN 2009
PAGE 28 OF 40
RDS KEY LICENSE NAME STREET CITY ST RIFLE MFG
33901982 GARY'S GUNS |NC W226 N 1455 NORTH AVENUE WAUKESHA WI 49
33901266 HAYWOOD, LEROY EDWARD 8540 HWY153 ELAND WI 11
33903956 JOHNSON, CHARLES BENJAMIN ||| W324 N 8340 NORTHCREST DR HARTLAND WI 1
33903006 KUREK, DAVID C N1976 RIVER OAKS RD REESEVILLE WI 5
33903378 L H PRECISION LLC 9020 OLSON DR EAU CLAIRE WI 38
33900697 LAUER, STEVEN MICHAEL 3601 129TH ST CHIPPEWA FALLS WI 1492
33903612 LAUS ENTERPRISES, INC 4717 STATE RD 44 OSHKOSH WI 19
33903873 LONG RANGE RIFLES LLC 2311 PATRIOT LN OSHKOSH WI 3
33903655 MARSHALL, LARRY ELON N 2851 ANTONY RD BANGOR WI 1
33903205 RASMUSSEN, JOSEPH P 715 S LAKE AVE PHILLIPS WI 63
33936970 SUNNY H|LL ENT |NC W1015 CTY HHH CHILTON WI 40
33903955 THUREON DEFENSE LLC 2118 WISCONSIN AVE NEW HOLSTEIN WI 111
33903390 WISCONSIN CARTRIDGE CORP 1619 HWY N FRIENDSHIP WI 1
45500959 BLACKHEART INTERNATIONAL LLC RR 3, BOX115 PHILIPPI WV 31
45501662 BOARMAN, MARKA 152 GONDOLA DR MARTINSBURG WV 3
45501738 BULLGATOR TACTICAL LLC 4641 RIPLEY RD REEDY WV 5
45501161 COLSMANN, ERNEST 35 AXLE AVE MORGANTOWN WV 10
45500998 HOSTETTER, MARKA 181 CRISPIN LN FALLING WATERS WV 24
45500132 MELVIN FORBES ENTERPRISES LLC 214 PRICE ST GRANVILLE V\N 118
45501613 PRACTICAL DEFENSE INTERNATIONAL 630 WINCHESTER AVE MARTINSBURG WV 3
45536010 PRECISION WEAPONS CORP 112 SURPLUS LN BRADLEY WV 4
45501641 VINTEC MANUFACTURING LLC 387A MIDLAND TRAIL GAULEY BRIDGE WV 3
58300735 BRYANT, TOMMY E 1451 COUNTY ROAD 103 EVANSTON WY 3
58300591 GUNWERKS LLC 220 MAIN STREET BURLINGTON WY 195
58300619 ROSENCRANSE, TREVOR S 610 SOUTH 8TH ST BASIN WY 20
58300621 TRIPLE ARROW ENTERPRISES INC 1456 COLE WHEATLAND WY 3
2248851
PREPARED BY THE OFFICE OF FESD, BUREAU OF ALCOHOL, TOBACCO, FIREARMS AND EXPLOSIVES
WASHINGTON DC
01I20l2011
SHOTGUNS MANUFACTURED IN 2009
PAGE 29 OF 40
RDS KEY LICENSE NAME STREET CITY ST SHOTGUN MFG
57134716 WILSONS GUN SHOP INC 2234 CR 719 BERRYVILLE AR 729
58402226 SHADOW RIVER PRODUCTIONS, LLC 2120 CLOVERDALE DR COLORADO SPRINGS CO 1
60634862 CONNECTICUT SHOTGUN MANUFACTURING CO 100 BURRITT STREET NEW BRITAIN CT 1175
15906914 AIRBORNE ARMS INC 702 H|TCHCOCK ST PLANT CITY FL 2
15939794 B & K DIVING SYSTEMS INC 1328 CLEMENTS WOODS LN JACKSONVILLE FL 1
15906680 FCSF |NC 18-C MCCALLISTER RD CRAWFORDVILLE FL 15
15908281 GLOBAL ARMS INTERNATIONAL LLC 3587 NW 82ND AVE DORAL FL 2
15902195 NEWKIRK, DAVID CHARLES 6701 PARK BLVD PINELLAS PARK FL 1
15840168 MEGGITT TRAINING SYSTEMS INC 296 BROGDON RD SUWANEE GA 30
98201456 ADVANCED PRECISON MACHINING 180 S ADKINS WAY MERIDIAN ID 200
98201260 FLOYD, JEFFERY L 99 SARAGOSA RD BLANCHARD ID 1
98235063 HOENIG, GEORGE 4357 FROZEN DOG RD EMMETT ID 2
98201213 LONE WOLF R & D LLC 57 SHEPARD RD OLDTOWN ID 1
98200131 SRM PERFORMANCE PRODUCTS 4375-A WEST MCM|LLAN MERIDIAN ID 1
98201222 STARKAUTO ORDINANCE LLC 4209 EVERETT ST CALDWELL ID 1
33635626 KREBS CUSTOM INC 1000 RAND RD #106 WAUCONDA IL 18
33602095 UNION ARMS CO 6340 W26TH ST BERWYN IL 1
54800341 KOLLER, KIRK JAY 201 S SECOND CLEARWATER KS 1
54801587 YELLOW BRICK ENTERPRISES, INC 717 4TH STREET CLAY CENTER KS 49
57202013 BROKEN ARROW ARMORY INC 4952 JOHNSTON ST LAFAYETTE LA 3
60433152 SAVAGE ARMS, INC 100 SPRINGDALE RD WESTFIELD MA 1548
85234687 A|M INC 19200 MIDDLETOWN RD PARKTON MD 16
85207699 BERETTA U S A CORPORATION 17601 BERETTA DR ACCOKEEK MD 1056
85202711 LITTLE, MICHAEL HAMILTON 7558 AMERICAN CORNER RD PRESTON MD 1
85236956 RODMAN, RANDOLPH B 910 PHILADELPHIA AVE SILVER SPRING MD 1
34137003 BUNE, WILLIAM GORDON 2016 7TH AVE N ANOKA MN 2
54338023 ALFERMANN USA INC 1482 POTTERY RD WASHINGTON MO 3
54304879 BAUER, RICHARD LAWRENCE JR 400 SUNSET DR APPLETON CITY MO 4
98100184 MERICA, TIMOTHY TYLER 459 PRINCETON PLACE BOZEMAN MT 1
15603066 APPALACHIAN GUNSMITHING INC 8 SNAPFINGER DR WEAVERVILLE NC 30
15600510 EH|NGER, MICHAEL JEROME 1634 STEDMAN CEDAR CREEK RD STEDMAN NC 1
15604397 FTA FIREARMS INC 819 COLONIAL DRIVE RALEIGH NC 1
60201484 STURM, RUGER & COMPANY, INC 411 SUNAPEE ST NEWPORT NH 1075
60200897 THOMPSON CENTER ARMS CO INC 400 NORTH MAIN STREET ROCHESTER NH 266
58501295 ROGERS, MICHELE 2501 BAYLOR SE ALBUQUERQUE NM 2
PREPARED BY THE OFFICE OF FESD, BUREAU OF ALCOHOL, TOBACCO, FIREARMS AND EXPLOSIVES
WASHINGTON DC
01I20l2011
SHOTGUNS MANUFACTURED IN 2009 PAGE 3° 0F 4°
RDS KEY LICENSE NAME STREET CITY ST SHOTGUN MFG
61601854 H&R1871, LLC 14 HOEFLER AVENUE |L|ON NY 46365
61600727 REMINGTON ARMS CO INC 14 HOEFLER AVE |L|ON NY 323814
43402033 7.62MM FIREARMS, LLC 220 NORTH HIGH ST WADSWORTH OH 9
43402133 CADIZ ENTERPRISES LLC 90735 JEWETT GERMANO RD SUITE B JEWETT OH 8
43402663 FOMORIN, ALAN 64390 COOKS RUN RD CAMBRIDGE OH 1
43402108 |THACA GUN COMPANY 420 N WARPOLE ST UPPER SANDUSKY OH 1259
57302631 BEAR BEAM INC 12358 E SKELLY DR SUITE C TULSA OK 1
57301571 BENSON, BRANDON SCOTT 15508 MARIE DR PIEDMONT OK 1
99300279 O'CONNOR, T|M LUKE 16815 S REDLAND RD OREGON CITY OR 2
99301937 TORNADO TECHNOLOGIES LLC 2020 NWALOCLEK DR STE106 H|LLSBORO OR 2
82300401 ARMAMENT SERVICES INTERNATIONAL INC (ASI) 103 CAMARS DR WARMINSTER PA 1
82303573 ROUSH ARMS LLC 125 FRYTOWN RD CARL|SLE PA 1
82333855 TAR HUNT CUSTOM RIFLES INC 101 DOGTOWN RD BLOOMSBURG PA 24
34600181 NIP MANUFACTURING INC 3541 MAYER AVENUE STURGIS SD 5
16200523 LE|NAD INC 1801 HWY 68 DUCKTOWN TN 100
57602230 ESG GUNWORKS LLC 3000 N MAIN #3B BAYTOWN TX 1
57434208 MAVERICKARMS, |NC INDUSTRIAL BLVD MAVERICK CO DEVLPT EAGLE PASS TX 374724
57501654 RODGERS, JIMMY E & RODGERS, TERESE B 3:822 FM 449 SUITE A LONGVIEW TX 1
98701005 BROWNING ARMS COMPANY ONE BROWNING PLACE MORGAN UT 2
15402781 METAL STORM, INC 4350 N FAIRFAX DR STE 810 ARLINGTON VA 7
99101501 LARSEN, LE|F G 914 S MA|TLAND PASCO WA 1
99102158 LJUT|C LLC 2402 WEST J ST SUITE A YAKIMA WA 49
99103153 PHANTOM FIREARMS TECHNOLOGY LLC 114 WILD BLACKBERRY LANE PORT ANGELES WA 1
33936810 H G LOMAS GUNMAKERS |NC 54-64 W RH|NE ST ELKHART LAKE WI 3
33933175 US COMPETITION ARMS INC 1925 ROOSEVELT AVE RAC|NE WI 75
45501613 PRACTICAL DEFENSE INTERNATIONAL 630 WINCHESTER AVE MARTINSBURG WV 1
752699
PREPARED BY THE OFFICE OF FESD, BUREAU OF ALCOHOL, TOBACCO, FIREARMS AND EXPLOSIVES 01I20l2011
WASHINGTON DC
MISC. FIREARMS MANUFACTURED IN 2009
PAGE 31 OF 40
RDS KEY LICENSE NAME gTRFFT CITY ST MISC FA MFG
99201212 BRADY, ANDREW SCOTT 3609 SILVERLEAF AVE NORTH POLE AK 104
16337359 ELLIS, JEFFERY OWEN 17943 GROUND HOG RD ADGER AL 36
57102287 LAKESIDE MACHINE LLC 1213 INDUSTRIAL ST HORSESHOE BEND AR 11
98600962 ABRAMS AIRBORNE MFG, INC. 3735 N ROMERO RD TUCSON AZ 40
98602346 AGP ARMS INC 1930 E THIRD ST STE #12 TEMPE AZ 378
98602530 ARIZONA ARMORY, LLC 2114 W FILLMORE PHOENIX AZ 106
98600122 CAVALRY ARMS CORP 723 WEST COMMERCE SUITE A GILBERT AZ 1803
98601582 DOUBLE DIAMOND LAW ENFORCEMENT SUPPLY LLC 745 N VIA ROMA TUCSON AZ 46
98638187 DUNLYON R & D, INC 52151 HWY 60 MIAMI AZ 2
98603321 MCINERNEY, EDWARD A III 1725 KIOWA AVE #B LAKE HAVASU CITY AZ 642
98603069 ROYBAL ARMS LLC 2500 NORTH SUMMERSON ROAD KINGMAN AZ 12
98602748 SHEPHARD, TERRY KEITH 816 W G|LA BEND HWY STE A3 CASA GRANDE AZ 641
98637956 YOUNG MANUFACTURING INC 3613 N 35TH AVE PHOENIX AZ 14
98603237 ZIMMERMAN ARMS LLC 540 SIXTH ST # F PRESCOTT AZ 77
97701370 AIRCRAFT ARMAMENTS, INC 18205 LAVERNE DR LOS GATOS CA 3
93302123 DENOME, JESSE P & OLSEN, GREGORY J 4031 PACIFIC HWY SAN DIEGO CA 5163
93302989 J D MACHINE TECH INC 4029 PACIFIC HWY SAN DIEGO CA 1025
96802197 JENSEN, JONATHAN J & VALENTINE, MATTHEW C 10 N N EAST ST STE 211 WOODLAND CA 14
96802086 TOLEDO, ARIS 1405 GEORGIA ST STE D VALLEJO CA 3
96801864 UNIVERSAL PROPULSION CO ( UPCO) 3530 BRANSCOMBE RD FAIRFIELD CA 137
60636014 ALVAREZ, SAMUEL W & KUBALA, THOMAS 1223 MOUNT VERNON RD SOUTHINGTON CT 30
60601442 DEVON ARMORY LLC 282 WOODMONT RD UNIT 38 MILFORD CT 299
15908060 ALLEN, JEFFREY THOMAS 1852 UNIVERSITY PKWY SARASOTA FL 3
15943009 ANZIO IRONWORKS CORP 190516TH ST N SAINT PETERSBURG FL 1
15908443 PROJECT GUNS LLC 1707 NW ARCADIA WAY BOCA RATON FL 307
15952429 RIM EQUIPMENT INC 6975-79 NW 43RD ST MIAMI FL 275
15909083 SABER TACTICAL INC 9635 NW 80 AVE H|ALEAH GARDENS FL 48
15908014 TACTICAL MACHINING, LLC 1584 OLD DAYTONA CIRCLE DELAND FL 3547
15805404 BALL|ST|C SOUNDS TACTICAL SUPPLY LLC 337 S MILLEDGE AVE STE 208 ATHENS GA 126
15800675 DANIEL DEFENSE INC 101 WARFIGHTER WAY BLACK CREEK GA 62
15805425 GT VIRTUAL CONCEPTS LLC 535 PINE RD STE 205 NEWNAN GA 1
98201392 SEEKINS, GLEN DALE 1708 6TH AVE N STE D LEWISTON ID 350
98201222 STARKAUTO ORDINANCE LLC 4209 EVERETT ST CALDWELL ID 3
98200569 TACTICAL INNOVATIONS INC 345 SUNRISE RD BONNERS FERRY ID 6187
98200317 TACTICAL SOLUTIONS LLC 2181 COMMERCE AVE BOISE ID 722
PREPARED BY THE OFFICE OF FESD, BUREAU OF ALCOHOL, TOBACCO, FIREARMS AND EXPLOSIVES
WASHINGTON DC
01I20l2011
MISC. FIREARMS MANUFACTURED IN 2009
PAGE 32 OF 40
RDS KEY LICENSE NAME gTRFFT CITY ST MISC FA MFG
33601491 AIRTRONIC USA INC 1860 JARVIS AVENUE ELK GROVE VLG IL 3
33734827 DYER, TERRY E 9698 BUCKS RD HEYWORTH IL 1
43503284 DELAWARE MACHINERY & TOOL CO INC 700 S MULBERRY ST MUNCIE IN 8609
43500341 PARKER, KENT E 8816 E 700 N NEW CARL|SLE IN 64
43503382 PRECISION TECHNOLOGIES LLC 1400 WOHLERT ST ANGOLA IN 12
54801933 ICOR PRECISION ORDNANCE, DIVISION OF AEROSYM 1409 WNORTHFIELD CT LAWRENCE KS 1
54801965 SEERaA-TECH INC 3000 POWER DR KANSAS CITY KS 41
46100511 DOUBLE STAR CORP 5600 BYBEE RD WINCHESTER KY 11896
46102771 IDEAL PRODUCTS INC 126 CAPITAL CT NICHOLASVILLE KY 319
46133576 LANDEN, RANDAL S 1200 ONEAL RD LONDON KY 1
60401307 CORTAZAR LTD 396 MAIN STREET AGAWAM MA 1
60401887 HALPERN TITANIUM INC 4 SPRINGFIELD ST THREE RIVERS MA 3
60403406 INDEPENDENT PLATING COMPANY INC 35 NEW ST WORCESTER MA 627
60400915 RCS DIESEL SERVICE INC 566 HOLYOKE STREET LUDLOW MA 154
60433152 SAVAGE ARMS, INC 100 SPRINGDALE RD WESTFIELD MA 11
85212023 DUFFYS INC 15433 FALLS RD SPARKS MD 1
85211500 MC KEE, INC 8725 BOLLMAN PLACE #1 SAVAGE MD 1265
60100956 BUSHMASTER FIREARMS INTERNATIONAL LLC 999 ROOSEVELT TRL VVINDHAM ME 811
43804385 TIMPKO, FEODOR 2424 OAKVILLE-WALTZ NEW BOSTON MI 1
34101144 FLITSCH, RONALD EUGENE 12156 COUNTY RD 31 NW PINE ISLAND MN 4
34102719 GUNFIGHTER ARMS LLC 6194 259TH ST WYOMING MN 12
34101861 NODAK SPUD LLC 7683 WASHINGTON AVE S EDINA MN 14669
54301691 ARNOLD DEFENSE AND ELECTRONICS LLC 3000 ARNOLD TENBROOK RD ARNOLD MO 184
54305437 BADGER ORDNANCE LLC 1141 SWIFT ST NO KANSAS CITY MO 133
54306466 BLACK DAWN INDUSTRIES LLC 807 S MARSHALL SEDALIA MO 139
54306127 BLACK RAIN ORDNANCE INC 15115 KODIAK RD NEOSHO MO 238
54340380 CUTTING EDGE PMS INC, THE 11150 PROGRESS ST MOUNT VERNON MO 236
54305892 RHINO ARMS LLC 436 RECYCLE DRIVE WASHINGTON MO 221
16401275 BAE SYSTEMS RO DEFENSE INC 48 RAWL SPRINGS LOOP RD HATTIESBURG MS 158
98100366 LAWTON MACHINE LLC 580 1l2 NORTH MONTANA STREET DILLON MT 510
98101151 MONTANA RIFLE COMPANY 3174 MT HWY 35 KALISPELL MT 145
98101163 SI DEFENSE INC 2902 HIGHWAY 93 N KALISPELL MT 356
98100982 SONJU INDUSTRIAL 245 SOUTH COMPLEX DRIVE KALISPELL MT 2
15603066 APPALACHIAN GUNSMITHING INC 8 SNAPFINGER DR WEAVERVILLE NC 11
15604383 BAITY'S CUSTOM GUNWORKS 2623 BOONE TRAIL NORTH WILKESBORO NC 2
PREPARED BY THE OFFICE OF FESD, BUREAU OF ALCOHOL, TOBACCO, FIREARMS AND EXPLOSIVES
WASHINGTON DC
01I20l2011
MISC. FIREARMS MANUFACTURED IN 2009
PAGE 33 OF 40
RDS KEY LICENSE NAME gTRFFT CITY ST MISC FA MFG
15601231 OGLESBY, DONALD J 1001 W B MCLEAN BLVD CAPE CARTERET NC 3
60234248 COMPETITOR CORP INC 26 KNIGHT STREET, UNIT 3 JAFFREY NH 1
43134110 AMERICAN APEX CORPORATION 8515 RAUSCH DRIVE PLAIN CITY OH 100
43111952 ANDERSON, JOHN L 4325 NEW MARKET-BANTA RD LEVVISBURG OH 2
43102214 GUN WORKS NOW LLC 13827 MARSHALL RD ROCKBRIDGE OH 5
43437065 KELBLY'S RIFLE RANGE INC 7222 DALTON FOX LAKE RD NORTH LAWRENCE OH 193
43401968 KMP CLASSIC ARMS, INC 556 CALDWELL AVE MANSFIELD OH 58
43483421 MIHAITA, ION 5416 DETROIT AVE CLEVELAND OH 750
43437008 SZECHY, GARY P 6188 CASTLE DRIVE NORTH ROYALTON OH 2
43401317 VALLEY ENGRAVING LLC 46390 STATE ROUTE 536 WOODSFIELD OH 32
57336993 FRIEND, MICHAEL L 69400 E HWY 60 WYANDOTTE OK 233
57302947 HAWKINS, RUSSELL BRENT 402 ASH RD CHOCTAW OK 7
57302942 R|JAS SERVICES LLC 10204 E 450 RD CLAREMORE OK 14
57301293 SURGEON RIFLES INCORPORATED 48955 MOCCASIN TRAIL RD PRAGUE OK 695
99302007 ARMS LLC 13313 EHLEN RD NE AURORA OR 19
99302084 BARTLETT ENTERPRISES INC 1900 NE 25TH AVE 11 HILLSBORO OR 355
99301728 HALO MANUFACTURING LLC 90785 LINK ROAD EUGENE OR 51
99301738 ROADS, NATHAN JAMES 625 NW BAY BLVD UNIT 5 TOLEDO OR 201
99301427 TITAN ORDNANCE LLC 21017 NWMILLICOMO COURT PORTLAND OR 95
82338992 BORDEN, JAMES F 1325 SHELDON HILL ROAD SPRINGVILLE PA 233
82303888 LANCO TACTICAL LLC 495 MARK DR ELIZABETHTOWN PA 5
82502536 MENOLD, SETH ADAM 1 BOLIVAR ST BROWNSVILLE PA 4
82502999 XTREME MACHINING LLC 6506 KYLERTOWN DR|FT|NG HWY DR|FT|NG PA 3625
82501703 ZELENKY, ROBERT A 500 COOPER AV GRASSFLAT PA 3625
16204086 JAMES LYLE GRAHAM 995 MOHAWK CREEK RD MIDWAY TN 308
16238797 MCCAIG, JAMES A JR 211 CEMETERY AVE COLUMBIA TN 16
57602340 BLACK RIFLE COMPANY LLC 7131 JACKRABBIT RD HOUSTON TX 86
57503595 BOND ARMS, INC 204 ALPHA LANE GRANBURY TX 98
57501894 EBERT, FLASH 4219 W CO RD N ODESSA TX 89
57434208 MAVERICKARMS, INC INDUSTRIAL BLVD MAVERICK CO DEVLPT EAGLE PASS TX 61962
57602035 NEL, KEITH 1PS1R9KMAPLETON ST HOUSTON TX 3
57541806 ST|LLERS PRECISION FIREARMS LLC 2405 COUNTRY MEADOW LN WYLIE TX 1526
57402906 WAKAL, ALEXSANDER 1648 PALO ALTO DR VON ORMY TX 551
98700368 VECTOR ARMS INC 270 W500 NO NORTH SALT LAKE UT 214
15406473 CAN CORP LLC 9183 JOHN S MOSBY HIGHWAY UPPERVILLE VA 1
PREPARED BY THE OFFICE OF FESD, BUREAU OF ALCOHOL, TOBACCO, FIREARMS AND EXPLOSIVES
WASHINGTON DC
01I20l2011
MISC. FIREARMS MANUFACTURED IN 2009
PAGE 34 OF 40
RDS KEY LICENSE NAME gTRFFT CITY ST MISC FA MFG
15438765 CUSTOM GUNSMITHING INC 11876 LORD FAIRFAX HWY BOYCE VA 2
15405293 SAMS CUSTOM GUNWORKS LLC 254 COLUMBIA RD CARTERSVILLE VA 3
60306096 SQUIRES BINGHAM INTL INC 190 JUNCTION RD HARDWICK VT 534
99100289 GALT, SEAN PATRICK 8601 16TH AVE SW SEATTLE WA 1
99102966 J & J PRECISION ARMS LLC 19208 ORTING KAPOWSIN HWY E ORTING WA 54
138815
PREPARED BY THE OFFICE OF FESD, BUREAU OF ALCOHOL, TOBACCO, FIREARMS AND EXPLOSIVES 01I20I2011
WASHINGTON DC
PISTOLS EXPORTED IN 2009 PAGE 35 OF 40
RDS KEY LICENSE NAME STREET CITY ST PISTOLS
57134716 WILSONS GUN SHOP INC 2234 CR 719 BERRYVILLE AR 80
98614472 STURM, RUGER & COMPANY, INC 200 RUGER RD PRESCOTT AZ 7122
60633345 COLT'S MANUFACTURING CO LLC 545 NEWPARKAVE WEST HARTFORD CT 1308
60601905 WILDEY F A INC 45 ANGEVINE RD WARREN CT 37
15909576 IVER JOHNSON ARMS INC 1840 BALDWIN ST UNIT 10 ROCKLEDGE FL 42
15923596 TAURUS INTERNATIONAL MANUFACTURING INC 16175 NW 49TH AVE MIAMI FL 1313
15840168 MEGGITT TRAINING SYSTEMS INC 296 BROGDON RD SUWANEE GA 99
15803004 HECKLER & KOCH DEFENSE, INC 5675 TRANSPORT BLVD COLUMBUS GA 6
54201706 LES BAER CUSTOM INC 1804 IOWA DR LE CLAIRE IA 532
33637390 DS ARMS INC 27W990 INDUSTRIAL AVE LAKE BARRINGTON IL 149
33637004 ROCK RIVER ARMS INC 1042 CLEVELAND RD COLONA IL 8
33635798 SPRINGFIELD INC 420 W MAIN ST GENESEO IL 214
60435456 SAEILO, INC 130 GODDARD MEMORIAL DR WORCESTER MA 112
60401684 SMITH & WESSON CORP 2100 ROOSEVELT AVE SPRINGFIELD MA 26486
85207699 BERETTA U S A CORPORATION 17601 BERETTA DR ACCOKEEK MD 1358
54339122 ED BROWN PRODUCTS, INC 43825 MULDROWTRAIL PERRY MO 5
15604309 PARA USA INC 10620 SOUTHERN LOOP BLVD PINEVILLE NC 793
15603121 US TRAINING CENTER, INC 850 PUDDIN RIDGE RD MOYOCK NC 197
60201128 SIG SAUER INC 12 &18|NDUSTR|AL DR EXETER NH 6760
60200897 THOMPSON CENTER ARMS CO INC 400 NORTH MAIN STREET ROCHESTER NH 30
60200735 STURM, RUGER & COMPANY, INC 529 SUNAPEE ST NEWPORT NH 378
98800913 LEGACY SPORTS INTERNATIONAL LLC 4750 LONGLEY LN STE 207-208 RENO NV 22
61334276 KIMBER MFG INC 1 LAWTON ST YONKERS NY 3689
61601132 AMCHAR WHOLESALE, INC 100 AIRPARK DR ROCHESTER NY 20
82303867 MOUNTAIN COMPETITION PISTOLS 26 MOUNTAIN VIEW DR TANNERSVILLE PA 3
57540601 STRAYER VOIGT INC 3435 ROY ORR BLVD #200 GRAND PRARIE TX 105
57434417 STI INTERNATIONAL, INC 114 HALMAR COVE GEORGETOWN TX 4954
98734026 NORTH AMERICAN ARMS INC 2150 S 950 E PROVO UT 359
98700995 COBRA ENTERPRISES OF UTAH, INC 1960 S MILESTONE DR, SUITE F SALT LAKE CITY UT 169
60300201 IVER JOHNSON ARMS INC 190 JUNCTION RD HARDWICK VT 17
99103260 HURRICANE BUTTERFLY RESEARCH CORPORATION 1148 INDUSTRY DRIVE TUKWILA WA 35
56402
PREPARED BY THE OFFICE OF FESD, BUREAU OF ALCOHOL, TOBACCO, FIREARMS AND EXPLOSIVES
WASHINGTON DC
01I20l2011
REVOLVERS EXPORTED IN 2009
PAGE 36 OF 40
RDS KEY LICENSE NAME STREET CITY ST REVOLVERS
60633345 COLT'S MANUFACTURING CO LLC 545 NEWPARKAVE WEST HARTFORD CT 98
15923596 TAURUS INTERNATIONAL MANUFACTURING INC 16175 NW 49TH AVE MIAMI FL 418
60401684 SMITH & WESSON CORP 2100 ROOSEVELT AVE SPRINGFIELD MA 27021
60200735 STURM, RUGER & COMPANY, INC 529 SUNAPEE ST NEWPORT NH 4053
98800913 LEGACY SPORTS INTERNATIONAL LLC 4750 LONGLEY LN STE 207-208 RENO NV 8
98734026 NORTH AMERICAN ARMS INC 2150 S 950 E PROVO UT 779
32377
PREPARED BY THE OFFICE OF FESD, BUREAU OF ALCOHOL, TOBACCO, FIREARMS AND EXPLOSIVES
WASHINGTON DC
01I20l2011
RIFLES EXPORTED IN 2009
PAGE 37 OF 40
RDS KEY LICENSE NAME STREET City ST RIFLE EXP
98602487 MCM|LLAN, FIREARMS MANUFACTURING, LLC 1638 w KNUDSEN DR PHOENIX Az 65
97701820 SEARCY, BERNARD L 26293 TWENTY MULE TEAM RD BORON CA 28
97738092 ROGUE RIV RIFLEWORKS INCIJOHN RIBGY 8 00 500 L|NNE RD STE D PASO ROBLES CA 1
60633345 COLT'S MANUFACTURING co LLC 545 NEWPARKAVE WEST HARTFORD CT 50
60600520 COLT DEFENSE LLC 547 NEW PARKAVE WEST HARTFORD CT 1283
60601905 WILDEY F A INC 45 ANGEVINE RD WARREN CT 1
60600729 STAG ARMS LLC 515 JOHN DOWNEY DR NEW BRITAIN CT 1265
60600773 0 F MOSSBERG 8 SONS INC 7 GRASSO AVE NORTH HAVEN CT 936
15917454 KNIGHT, CHARLES REED JR 701 COLUMBIA BLVD TITUSVILLE FL 68
15947645 BRAZTECH INTERNATIONAL LC 16175 NW 49TH AVE MIAMI FL 151
15840168 MEGGITT TRAINING SYSTEMS INC 296 BROGDON RD SUWANEE GA 39
98201043 SPEDIACCI, DOMINIC J 415 HOWARD ST BLG A PECK ID 1
33637390 DS ARMS INC 27w990 INDUSTRIAL AVE LAKE BARRINGTON IL 72
33637004 ROCK RIVER ARMS INC 1042 CLEVELAND RD COLONA IL 10
33636039 ARMALITE INC 745 s HANFORD ST GENESEO IL 200
33635798 SPRINGFIELD INC 420 w MAIN ST GENESEO IL 18
46134967 DRAKE, LEWIS 418 MAIN ST MURRAY KY 1
60435456 SAEILO, INC 130 GODDARD MEMORIAL DR WORCESTER MA 62
60433152 SAVAGE ARMS, INC 100 SPRINGDALE RD WESTFIELD MA 3589
60401684 SMITH 8 WESSON CORP 2100 ROOSEVELT AVE SPRINGFIELD MA 1178
85236725 TABASSI, AMIR H 5423 RIDGE RD MOUNT AIRY MD 5
85207699 BERETTA U s A CORPORATION 17601 BERETTA DR ACCOKEEK MD 8
60100956 BUSHMASTER FIREARMS INTERNATIONAL LLC 999 ROOSEVELT TRL VVINDHAM ME 4973
43800250 PIERCE ENGINEERING LTD 5122 N GRAND RIVER LANSING MI 12
54339122 ED BROWN PRODUCTS, INC 43825 MULDROW TRAIL PERRY MO 1
98101151 MONTANA RIFLE COMPANY 3174 MT HWY 35 KALISPELL MT 1
98133799 POWDER RIVER RIFLE co INC 201 CENTENNIAL DR BIG TIMBER MT 27
98155388 0 SHARPS ARMS co INC 100 CENTENNIAL DR BIG TIMBER MT 21
15604638 BARNES PRECISION MACHINE INC 1434 FARRINGTON RD APEX NC 44
15603266 D|CKS GUN REPAIR INC 421 LAKE DR WINSTON SALEM NC 1
15603121 us TRAINING CENTER, INC 850 PUDDIN RIDGE RD MOYOCK NC 197
60201128 SIG SAUER INC 12 818 INDUSTRIAL DR EXETER NH 241
60200897 THOMPSON CENTER ARMS co INC 400 NORTH MAIN STREET ROCHESTER NH 4258
60200735 STURM, RUGER 8 COMPANY, INC 529 SUNAPEE ST NEWPORT NH 20894
PREPARED BY THE OFFICE OF FESD, BUREAU OF ALCOHOL, TOBACCO, FIREARMS AND EXPLOSIVES
WASHINGTON DC
01I20l2011
RIFLES EXPORTED IN 2009
PAGE 38 OF 40
RDS KEY LICENSE NAME STREET City ST RIFLE EXP
82200698 HENRY RAC HOLDING CORP 59 E 1ST ST BAYONNE NJ 4911
98800913 LEGACY SPORTS INTERNATIONAL LLC 4750 LONGLEY LN STE 207-208 RENO NV 4230
61334276 KIMBER MFG INC 1 LAWTON ST YONKERS NY 648
61601132 AMCHAR WHOLESALE, INC 100 AIRPARK DR ROCHESTER NY 85
43437065 KELBLY'S RIFLE RANGE INC 7222 DALTON FOX LAKE RD NORTH LAWRENCE OH 76
99302489 HAMLEYS LLC 30 SE COURT AVE PENDLETON OR 4
99301619 TAYLOR, LEO 33880 SE EVERETT WAY SCAPPOOSE OR 1
82300479 PNEU DART INC 15223 STATE ROUTE 87 VVILLIAMSPORT PA 128
34600742 DA ACQUISITIONS LLC 1310 INDUSTRY RD STURGIS SD 3
34633475 H S PRECISION INC 1301 TURBINE DR RAPID CITY SD 363
16236907 BARRETT FIREARMS MFG INC 5926 MILLER LANE MURFREESBORO TN 300
57434208 MAVERICK ARMS, |NC INDUSTRIAL BLVD MAVERICK CO DEVLPT EAGLE PASS TX 10105
57402861 HYPERION LEGION INTERNATIONAL LLC 1P:9R4|9 E CRYSTAL FALLS PKWY LEANDER TX 60
57503419 SH|LEN RIFLES INC 205 METRO PARK BLVD ENNIS TX 7
98734724 ZDF IMPORTIEXPORT, LLC 2090 N REDWOOD RD #40 SALT LAKE CITY UT 246
98700554 ECHOLS, D'ARCY 98 WEST 300 SOUTH - UNIT #25 M|LLV|LLE UT 1
98734710 TDJ INC 550 NORTH CEMETERY ROAD, BUILDING GUNNISON UT 85
15406017 FUNK, RONALD ALLEN 599 BUCKS M|LL RD STRASBURG VA 1
99103260 HURRICANE BUTTERFLY RESEARCH CORPORATION 1148 INDUSTRY DRIVE TUKWILA WA 67
99102907 H|GH MOUNTAIN HUNTING SUPPLY LLC 223 N MISSION WENATCHEE WA 1
33901982 GARY'S GUNS |NC W226 N 1455 NORTH AVENUE WAUKESHA WI 49
61072
PREPARED BY THE OFFICE OF FESD, BUREAU OF ALCOHOL, TOBACCO, FIREARMS AND EXPLOSIVES
WASHINGTON DC
01I20l2011
SHOTGUNS EXPORTED IN 2009
PAGE 39 OF 40
RDS KEY LICENSE NAME STREET CITY ST SHOTGUN EXP
15947645 BRAZTECH INTERNATIONAL LC 16175 NW 49TH AVE MIAMI FL 1868
15840168 MEGGITT TRAINING SYSTEMS INC 296 BROGDON RD SUWANEE GA 26
60433152 SAVAGE ARMS, INC 100 SPRINGDALE RD WESTFIELD MA 43
60401684 SMITH 8 WESSON CORP 2100 ROOSEVELT AVE SPRINGFIELD MA 7
34100034 KOSCIELSKI, MARK PETER 2926 CHICAGO AVE 8 MINNEAPOLIS MN 3
60200735 STURM, RUGER 8 COMPANY, INC 529 SUNAPEE ST NEWPORT NH 42
98800913 LEGACY SPORTS INTERNATIONAL LLC 4750 LONGLEY LN STE 207-208 RENO NV 14
61600727 REMINGTON ARMS co INC 14 HOEFLER AVE |L|ON NY 321
43402108 |THACA GUN COMPANY 420 N WARPOLE ST UPPER SANDUSKY OH 45
57434208 MAVERICK ARMS, INC INDUSTRIAL BLVD MAVERICK co DEVLPT EAGLE PASS TX 34082
99103260 HURRICANE BUTTERFLY RESEARCH CORPORATION 1P1A433KINDUSTRY DRIVE TUKWILA WA 2
99102158 LJUTIC LLC 2402 WEST J ST SUITE A YAKIMA WA 2
36455
PREPARED BY THE OFFICE OF FESD, BUREAU OF ALCOHOL, TOBACCO, FIREARMS AND EXPLOSIVES
WASHINGTON DC
01I20l2011
MISC. FIREARMS EXPORTED IN 2009
PAGE 40 OF 40
RDS KEY LICENSE NAME STREET CITY ST MISC FA MFG
60601905 WILDEY F A INC 45 ANGEVINE RD WARREN CT 5
15952429 RIM EQUIPMENT INC 6975-79 NW 43RD ST MIAMI FL 265
15840056 PALMER CAP CHUR EQUIP INC 421 TIDWELL RD POWDER SPRINGS GA 48
54301691 ARNOLD DEFENSE AND ELECTRONICS LLC 3000 ARNOLD TENBROOK RD ARNOLD MO 144
98101151 MONTANA RIFLE COMPANY 3174 MT HWY 35 KALISPELL MT 45
43437065 KELBLY'S RIFLE RANGE INC 7222 DALTON FOX LAKE RD NORTH LAWRENCE OH 72
43134110 AMERICAN APEX CORPORATION 8515 RAUSCH DRIVE PLAIN CITY OH 12
82313090 NAVAL CO INC 4747 COLD SPRING CREAMERY RD DOYLESTOWN PA 1
16201448 SABRE DEFENCE INDUSTRIES LLC 450 ALLIED DR NASHVILLE TN 63
57434208 MAVERICK ARMS, INC INDUSTRIAL BLVD MAVERICK CO DEVLPT EAGLE PASS TX 7689
57503823 MECAR USA INC 740%KREGENCY RD MARSHALL TX 20
57602035 NEL, KEITH 1919 MAPLETON ST HOUSTON TX 1
57541806 ST|LLERS PRECISION FIREARMS LLC 2405 COUNTRY MEADOW LN WYLIE TX 71
99103260 HURRICANE BUTTERFLY RESEARCH CORPORATION 1148 INDUSTRY DRIVE TUKWILA WA 2
8438
PREPARED BY THE OFFICE OF FESD, BUREAU OF ALCOHOL, TOBACCO, FIREARMS AND EXPLOSIVES
WASHINGTON DC
01I20l2011
